structCharacterDataROMEntry 1,HPOrAutolevel,STR,MAG,SKL,SPD,DEF,CON,LUK,MOV,MovementStars,CritCoefficient,HPGrowth,STRGrowth,MAGGrowth,SKLGrowth,SPDGrowth,DEFGrowth,CONGrowth,LUKGrowth,MOVGrowth,SwordRank,LanceRank,AxeRank,BowRank,StaffRank,FireRank,ThunderRank,WindRank,LightRank,DarkRank,SwordMod,LanceMod,AxeMod,BowMod,StaffMod,FireMod,ThunderMod,WindMod,LightMod,DarkMod,Gender,Skills1,Skills2,Skills3,Class,LeadershipStars,MapSprite,PortraitID
Leif,4,0,0,0,2,1,0,6,0,5,2,70,35,10,35,40,25,15,40,3,RankD,None,None,None,None,None,None,None,None,None,100,100,100,100,100,100,100,100,100,100,GenderMale,None,Skill2Adept,None,Lord,0,LordMapSprite,LeifPortrait
Finn,8,5,1,5,7,4,2,5,0,0,1,60,35,5,30,35,30,10,45,1,RankE+30,RankC,None,None,None,None,None,None,None,None,100,100,100,100,100,100,100,100,100,100,GenderMale,None,Skill2Miracle,None,LanceKnight,0,LanceKnightMapSprite,FinnPortrait
Orsin,7,2,0,3,4,2,3,3,0,0,3,85,30,5,25,35,25,25,55,2,None,None,40,None,None,None,None,None,None,None,100,100,100,100,100,100,100,100,100,100,GenderMale,None,None,Skill3Wrath,Fighter,0,FighterMapSprite,OrsinPortrait
Halvan,8,3,0,3,2,3,4,2,0,0,4,80,40,5,20,30,30,30,30,2,None,None,RankE+10,None,None,None,None,None,None,None,100,100,100,100,100,100,100,100,100,100,GenderMale,None,Skill2Vantage,None,Fighter,0,FighterMapSprite,HalvanPortrait
Eyvel,8,5,3,10,10,3,3,10,1,10,1,30,15,10,15,10,5,5,25,1,RankC,None,None,None,None,None,None,None,None,None,100,100,100,100,100,100,100,100,100,100,GenderFemale,None,None,Skill3Immortal,SwordmasterF,0,SwordmasterFMapSprite,EyvelPortrait
Dagdar,15,6,0,6,3,4,5,2,1,5,1,15,10,5,10,10,10,5,30,1,None,None,RankC,None,None,None,None,None,None,None,100,100,100,100,100,100,100,100,100,100,GenderMale,None,Skill2Assail,None,Warrior,0,WarriorMapSprite,DagdarPortrait
Ralph,14,6,0,5,6,4,6,6,0,0,1,60,35,5,30,20,35,35,15,1,RankC,None,RankD+40,None,None,None,None,None,None,None,100,100,100,100,100,100,100,100,100,100,GenderMale,None,None,None,Hero,0,HeroMapSprite,RalphPortrait
Marty,10,4,0,0,0,3,6,6,0,0,1,90,15,5,10,15,40,75,50,2,None,None,RankE+20,None,None,None,None,None,None,None,100,100,100,100,100,100,100,100,100,100,GenderMale,None,None,None,Brigand,0,BrigandMapSprite,MartyPortrait
Ronan,2,1,0,0,3,1,1,3,0,15,1,40,15,55,45,55,5,2,20,3,None,None,None,30,None,None,None,None,None,None,100,100,100,100,100,100,100,100,100,100,GenderMale,None,Skill2Adept,None,Archer,0,ArcherMapSprite,RonanPortrait
Miranda,3,0,5,1,4,1,0,7,0,0,1,60,5,70,55,70,15,5,35,2,None,None,None,None,None,RankE+35,None,None,None,None,100,100,100,100,100,100,100,100,100,100,GenderFemale,None,None,Skill3Wrath,WindMageF,0,WindMageFMapSprite,MirandaPortrait
Sapphie,0,0,3,5,5,0,0,9,0,0,1,35,30,60,45,40,3,2,5,0,None,None,None,None,RankD+40,None,None,None,None,None,100,100,100,100,100,100,100,100,100,100,GenderFemale,None,None,None,PriestF,0,PriestFMapSprite,SapphiePortrait
Lara,0,0,0,0,3,0,0,6,0,5,1,45,10,10,50,70,20,5,60,3,None,None,None,None,None,None,None,None,None,None,100,100,100,100,100,100,100,100,100,100,GenderFemale,Skill1Steal,None,None,ThiefF,0,ThiefFMapSprite,LaraPortrait
Brighton,8,3,0,3,2,3,3,2,0,0,1,70,30,5,25,30,35,20,15,1,RankE,None,RankD+10,None,None,None,None,None,None,None,100,100,100,100,100,100,100,100,100,100,GenderMale,None,None,Skill3Wrath,AxeKnightDismounted,0,KnightDismountedMapSprite,BrightonPortrait
Fergus,6,3,0,4,3,2,2,6,0,5,5,65,35,10,45,35,25,20,40,1,RankD+30,None,None,None,None,None,None,None,None,None,100,100,100,100,100,100,100,100,100,100,GenderMale,None,None,None,SwordKnightDismounted,0,SwordKnightDismountedMapSprite,FergusPortrait
Eda,6,2,3,3,5,2,1,12,0,0,1,60,40,20,35,60,20,5,30,1,RankE+10,RankC,None,None,None,None,None,None,None,None,100,100,100,100,100,100,100,100,100,100,GenderFemale,None,None,None,WyvernRiderF,0,WyvernRiderFMapSprite,EdaPortrait
Asvel,4,0,2,1,4,0,0,5,0,5,3,55,10,35,55,75,10,10,35,2,None,None,None,None,None,None,None,RankE+20,None,None,100,100,100,100,100,100,100,100,100,100,GenderMale,None,Skill2Adept,None,WindMage,0,WindMageMapSprite,AsvelPortrait
Matria,6,2,1,5,4,2,1,6,0,0,3,60,30,10,55,60,25,10,35,2,RankE+30,None,None,None,None,None,None,None,None,None,100,100,100,100,100,100,100,100,100,100,GenderFemale,None,Skill2Vantage,None,MyrmidonF,0,MyrmidonFMapSprite,MatriaPortrait
Hicks,10,4,0,3,1,5,7,6,0,0,2,80,35,5,40,30,30,30,55,1,None,None,RankD,None,None,None,None,None,None,None,100,100,100,100,100,100,100,100,100,100,GenderMale,None,None,None,AxeKnight,0,AxeKnightMapSprite,HicksPortrait
Nanna,2,1,3,4,4,1,0,9,0,0,1,50,25,10,40,35,15,10,55,1,RankD,None,None,None,30,None,None,None,None,None,100,100,100,100,100,100,100,100,100,100,GenderFemale,None,Skill2Charm,None,TroubadourDismounted,0,KnightFDismountedMapSprite,NannaPortrait
Selphina,6,3,3,4,5,3,1,7,0,0,1,50,25,10,40,35,15,10,55,1,None,None,None,RankC,None,None,None,None,None,None,100,100,100,100,100,100,100,100,100,100,GenderFemale,None,Skill2Assail,None,BowKnightF,0,BowKnightFMapSprite,SelphinaPortrait
Dahlson,9,5,0,3,2,3,6,0,0,0,1,60,50,5,40,25,20,25,25,2,None,None,RankC,None,None,None,None,None,None,None,100,100,100,100,100,100,100,100,100,100,GenderMale,None,None,None,ArmoredAxe,0,ArmoredAxeMapSprite,DahlsonPortrait
Callion,4,2,1,2,4,2,0,6,0,5,4,75,40,10,65,45,25,25,55,1,40,RankE+30,None,None,None,None,None,None,None,None,100,100,100,100,100,100,100,100,100,100,GenderMale,None,None,None,Cavalier,0,CavalierMapSprite,CallionPortrait
Shiva,4,3,0,4,6,2,1,5,0,5,4,70,45,5,50,35,30,20,60,2,RankC,None,40,None,None,None,None,None,None,None,100,100,100,100,100,100,100,100,100,100,GenderMale,None,None,Skill3Sol,Myrmidon,0,MyrmidonMapSprite,ShivaPortrait
Pan,6,3,2,5,6,3,2,11,0,25,5,65,40,10,45,65,25,10,70,2,RankD,None,None,None,None,None,None,None,None,None,100,100,100,100,100,100,100,100,100,100,GenderMale,Skill1Steal,None,Skill3Sol,Rogue,2,RogueMapSprite,PanPortrait
Glade,10,6,1,6,5,5,4,4,0,0,1,60,45,5,35,35,30,15,35,1,None,RankC,None,None,None,None,None,None,None,None,100,100,100,100,100,100,100,100,100,100,GenderMale,None,None,None,DukeKnight,1,DukeKnightMapSprite,GladePortrait
Kane,6,4,0,1,3,3,3,3,0,0,1,75,55,5,40,35,35,30,50,1,20,RankE+20,None,None,None,None,None,None,None,None,100,100,100,100,100,100,100,100,100,100,GenderMale,None,None,None,LanceKnight,0,LanceKnightMapSprite,KanePortrait
Alba,4,3,0,2,5,2,2,4,0,0,1,70,40,10,45,50,30,25,65,1,RankE+10,40,None,None,None,None,None,None,None,None,100,100,100,100,100,100,100,100,100,100,GenderMale,None,None,None,LanceKnight,0,LanceKnightMapSprite,AlbaPortrait
Robert,3,2,0,1,4,1,1,6,0,5,3,65,45,10,50,60,25,20,70,1,None,None,None,None,None,None,None,None,None,None,100,100,100,100,100,100,100,100,100,100,GenderMale,None,None,None,BowKnight,0,BowKnightMapSprite,RobertPortrait
Fred,9,5,3,5,4,4,4,4,0,0,1,75,60,15,40,35,35,25,25,1,RankC,RankD+10,None,None,None,None,None,None,None,None,100,100,100,100,100,100,100,100,100,100,GenderMale,None,Skill2Unknown,Skill3Immortal,Paladin,0,PaladinMapSprite,FredPortrait
Olwen,6,2,6,4,5,1,1,5,0,5,4,50,40,45,55,50,15,10,70,1,RankD,None,None,None,None,40,RankD+30,10,None,None,100,100,100,100,100,100,100,100,100,100,GenderFemale,None,Skill2Unknown,Skill3Immortal,MageKnightF,0,MageKnightFMapSprite,OlwenPortrait
CedChp23,12,3,10,9,7,5,3,10,1,10,3,75,10,75,75,80,20,15,65,1,None,None,None,None,RankA,RankC,RankD,RankA,RankC,None,100,100,100,100,100,100,100,100,100,100,GenderMale,None,Skill2Adept,None,Sage,1,SageMapSprite,CedPortrait
Lithis,4,2,0,3,4,2,1,1,0,10,0,65,35,10,25,45,15,10,5,2,RankE+30,None,None,None,None,None,None,None,None,None,100,100,100,100,100,100,100,100,100,100,GenderMale,None,None,None,Thief,0,ThiefMapSprite,LithisPortrait
Karin,2,2,4,1,8,2,0,12,0,0,1,55,30,15,35,70,15,5,70,2,RankE+20,40,None,None,None,None,None,None,None,None,100,100,100,100,100,100,100,100,100,100,GenderFemale,None,None,None,PegasusRiderDismounted,0,KnightFDismountedMapSprite,KarinPortrait
Dean,12,5,1,7,6,4,4,5,0,10,3,75,55,5,50,30,30,30,40,1,RankB,RankC+30,None,None,None,None,None,None,None,None,100,100,100,100,100,100,100,100,100,100,GenderMale,None,None,None,WyvernKnight,0,WyvernKnightMapSprite,DeanPortrait
Shanam,0,0,0,0,0,0,0,1,0,0,0,50,50,5,5,50,5,5,50,2,None,None,None,None,None,None,None,None,None,None,100,100,100,100,100,100,100,100,100,100,GenderMale,Skill1Bargain,None,None,Swordmaster,0,SwordmasterMapSprite,ShanamPortrait
Trude,10,5,0,6,6,3,3,3,0,5,1,90,35,5,45,35,30,20,60,2,RankC,None,RankE+30,None,None,None,None,None,None,None,100,100,100,100,100,100,100,100,100,100,GenderMale,None,Skill2Nihil,None,Myrmidon,0,MyrmidonMapSprite,TrudePortrait
Tanya,4,1,1,3,5,1,0,6,0,0,2,60,35,15,55,70,15,5,60,2,None,None,None,10,None,None,None,None,None,None,100,100,100,100,100,100,100,100,100,100,GenderFemale,None,None,None,ArcherF,0,ArcherFMapSprite,TanyaPortrait
Linoan,2,0,6,2,4,0,0,8,0,0,5,50,3,45,60,55,10,5,55,2,None,None,None,None,RankD,None,None,None,RankD,None,100,100,100,100,100,100,100,100,100,100,GenderFemale,None,None,None,Sister,0,SisterMapSprite,LinoanPortrait
Mischa,10,4,8,6,8,3,1,6,0,5,2,65,55,15,65,80,20,5,40,1,RankB,RankB,None,None,None,None,None,None,None,None,100,100,100,100,100,100,100,100,100,100,GenderFemale,None,None,None,PegasusKnight,3,PegasusKnightMapSprite,MischaPortrait
Salem,4,0,6,4,4,2,0,2,0,0,1,60,5,30,45,40,15,15,10,2,None,None,None,None,RankE,RankE,RankE,RankE,None,None,100,100,100,100,100,100,100,100,100,100,GenderMale,None,None,None,LoptyrMage,0,LoptyrMageMapSprite,SalemPortrait
Schroff,2,0,8,10,3,1,0,9,0,15,0,35,3,40,75,45,10,10,25,2,None,None,None,None,RankB,None,None,None,None,None,100,100,100,100,100,100,100,100,100,100,GenderMale,None,None,None,Priest,0,PriestMapSprite,SchroffPortrait
Mareeta,4,1,1,2,6,1,0,7,0,5,5,65,60,15,75,80,20,10,60,3,RankE+10,None,None,None,None,None,None,None,None,None,100,100,100,100,100,100,100,100,100,100,GenderFemale,None,None,Skill3Luna,MyrmidonF,0,MyrmidonFMapSprite,MareetaPortrait
Tina,0,0,0,0,3,0,0,15,0,25,1,40,3,50,25,65,5,5,90,5,None,None,None,None,None,None,None,None,None,None,100,100,100,100,100,100,100,100,100,100,GenderFemale,None,None,None,PriestF,0,PriestFMapSprite,TinaPortrait
GunterDialogue,0,0,10,10,0,0,0,3,0,0,1,30,30,30,30,30,30,30,30,10,None,None,None,None,RankB,RankE,RankE,RankE,RankB,None,100,100,100,100,100,100,100,100,100,100,GenderMale,None,None,None,Bishop,1,BishopMapSprite,GunterPortrait
Amalda,14,5,8,8,9,6,3,11,1,5,2,70,55,15,50,45,25,15,60,1,RankB,None,None,None,RankD,None,None,None,None,None,100,100,100,100,100,100,100,100,100,100,GenderFemale,None,Skill2Adept,None,PaladinF,0,PaladinFMapSprite,AmaldaPortrait
Conomore,15,8,2,12,5,7,6,4,1,5,2,70,60,5,35,50,20,20,20,1,RankB,RankB,None,None,None,None,None,None,None,None,100,100,100,100,100,100,100,100,100,100,GenderMale,None,Skill2Assail,None,Paladin,4,PaladinMapSprite,ConomorePortrait
Homer,8,0,4,2,5,2,1,12,0,5,5,65,0,40,70,70,15,10,55,3,None,None,None,None,None,None,None,None,RankE,None,100,100,100,100,100,100,100,100,100,100,GenderMale,None,None,Skill3Paragon,Bard,0,BardMapSprite,HomerPortrait
Dermott,12,6,4,6,5,4,4,7,1,0,5,70,40,15,65,45,30,15,65,2,RankB,None,None,None,None,None,None,None,None,None,100,100,100,100,100,100,100,100,100,100,GenderMale,None,Skill2Charm,None,ForestKnight,0,ForestKnightMapSprite,DermottPortrait
Sarah,0,0,10,10,4,0,0,10,0,25,0,40,0,80,80,80,10,5,40,3,None,None,None,None,RankC,None,None,None,None,None,100,100,100,100,100,100,100,100,100,100,GenderFemale,None,Skill2Miracle,Skill3Wrath | Skill3Paragon,Sister,0,SisterMapSprite,SarahPortrait
Saias,5,0,12,13,10,3,1,5,1,15,0,50,0,35,40,40,15,10,55,2,None,None,None,None,RankA,RankB,RankB,RankB,RankB,None,100,100,100,100,100,100,100,100,100,100,GenderMale,None,Skill2Unknown | Skill2Nihil,Skill3Immortal,HighPriest,10,HighPriestMapSprite,SaiasPortrait
Raydrik,30,6,5,6,6,1,20,6,0,5,0,40,5,10,15,15,5,3,5,3,RankB,RankB,RankB,RankB,RankB,RankB,RankB,RankB,RankB,RankB,20,20,20,20,20,20,20,20,20,20,GenderMale,None,Skill2Pavise,Skill3Immortal,Baron,4,BaronMapSprite,RaydrikPortrait
JuliusSaiasPortrait,-AutolevelScheme5,12,12,12,12,12,12,12,0,0,0,40,5,10,15,15,5,3,5,3,20,10,30,10,20,30,20,20,10,30,20,20,20,20,20,20,20,20,20,20,GenderMale,Skill1Renewal,Skill2Adept,None,DarkMage,0,DarkMageMapSprite,SaiasPortrait
Veld,50,5,15,13,14,9,6,12,0,10,1,1,1,1,1,1,1,1,1,10,RankB,RankB,RankB,RankB,RankA,RankA,RankA,RankA,RankA,RankA,20,20,20,20,20,20,20,20,20,20,GenderMale,Skill1Renewal,Skill2Adept,Skill3Immortal,DarkBishop,5,DarkBishopMapSprite,VeldPortrait
Weissmann,-AutolevelScheme1,0,0,0,0,0,0,0,0,0,0,30,30,30,30,30,30,30,30,10,None,None,None,None,None,None,None,None,None,None,20,20,20,20,20,20,20,20,20,20,GenderMale,None,None,None,ArmoredSword,0,ArmoredSwordMapSprite,WeissmannPortrait
MansterArcher,-AutolevelScheme1,0,0,0,0,0,0,0,0,0,0,0,0,0,0,0,0,0,0,0,None,None,None,None,None,None,None,None,None,None,20,20,20,20,20,20,20,20,20,20,GenderMale,None,None,None,ArcherEnemy,0,ArcherEnemyMapSprite,Archer6Portrait
Bakst,-AutolevelScheme6,0,0,0,0,0,0,0,0,0,0,0,0,0,0,0,0,0,0,0,None,None,None,None,None,None,None,None,None,None,20,20,20,20,20,20,20,20,20,20,GenderMale,None,None,None,Warrior,0,WarriorMapSprite,BakstPortrait
Jabal,-AutolevelScheme6,0,0,0,0,0,0,0,0,0,0,0,0,0,0,0,0,0,0,0,None,None,None,None,None,None,None,None,None,None,20,20,20,20,20,20,20,20,20,20,GenderMale,None,None,None,Pirate,0,PirateMapSprite,JabalPortrait
LithisCrewPirate,-AutolevelScheme3,0,0,0,0,0,0,0,0,0,0,0,0,0,0,0,0,0,0,0,None,None,None,None,None,None,None,None,None,None,20,20,20,20,20,20,20,20,20,20,GenderMale,None,None,None,Pirate,0,PirateMapSprite,Brigand4Portrait
LithisCrewHunter,-AutolevelScheme3,0,0,0,0,0,0,0,0,0,0,0,0,0,0,0,0,0,0,0,None,None,None,None,None,None,None,None,None,None,20,20,20,20,20,20,20,20,20,20,GenderMale,None,None,None,Hunter,0,HunterMapSprite,Archer3Portrait
LithisCrewWarrior,-AutolevelScheme3,0,0,0,0,0,0,0,0,0,0,0,0,0,0,0,0,0,0,0,None,None,None,None,None,None,None,None,None,None,20,20,20,20,20,20,20,20,20,20,GenderMale,None,None,None,Warrior,0,WarriorMapSprite,Fighter1Portrait
Lobos,-AutolevelScheme6,0,0,0,0,0,0,0,0,0,0,0,0,0,0,0,0,0,0,0,None,None,None,None,None,None,None,None,None,None,20,20,20,20,20,20,20,20,20,20,GenderMale,None,None,None,General,1,GeneralMapSprite,LobosPortrait
MansterArmoredBow,-AutolevelScheme1,0,0,0,0,0,0,0,0,0,0,0,0,0,0,0,0,0,0,0,None,None,None,None,None,None,None,None,None,None,20,20,20,20,20,20,20,20,20,20,GenderMale,None,None,None,ArmoredBow,0,ArmoredBowMapSprite,Armor3Portrait
MansterThunderMage,-AutolevelScheme2,0,0,0,0,0,0,0,0,0,0,0,0,0,0,0,0,0,0,0,None,None,None,None,None,None,None,None,None,None,20,20,20,20,20,20,20,20,20,20,GenderMale,None,None,None,ThunderMage,0,ThunderMageMapSprite,Mage1Portrait
MansterBishop1,-AutolevelScheme2,2,3,1,3,2,1,1,2,0,0,0,0,0,0,0,0,0,0,0,None,None,None,None,None,RankA,None,None,None,None,20,20,20,20,20,20,20,20,20,20,GenderMale,None,None,None,Bishop,0,BishopMapSprite,Priest2Portrait
Romeo,10,0,0,0,0,0,2,0,2,0,0,0,0,0,0,0,0,0,0,0,None,None,None,None,None,None,None,None,None,None,20,20,20,20,20,20,20,20,20,20,GenderMale,Skill1Unknown,None,None,Civilian,0,ChildMapSprite,NPCBoy1Portrait
Lucia,10,0,0,0,0,0,2,0,2,0,0,0,0,0,0,0,0,0,0,0,None,None,None,None,None,None,None,None,None,None,20,20,20,20,20,20,20,20,20,20,GenderFemale,Skill1Unknown,None,None,Civilian,0,ChildFMapSprite,NPCGirl1Portrait
Hubert,10,0,0,0,0,0,2,0,2,0,0,0,0,0,0,0,0,0,0,0,None,None,None,None,None,None,None,None,None,None,20,20,20,20,20,20,20,20,20,20,GenderMale,Skill1Unknown,None,None,Civilian,0,ChildMapSprite,NPCBoy1Portrait
Cairpre,10,0,0,0,0,0,2,0,2,0,0,0,0,0,0,0,0,0,0,0,None,None,None,None,None,None,None,None,None,None,20,20,20,20,20,20,20,20,20,20,GenderMale,Skill1Unknown,None,None,Civilian,0,ChildMapSprite,CairprePortrait
CedChp4x,6,2,9,8,7,3,3,9,1,10,3,0,0,0,0,0,0,0,0,0,None,None,None,None,RankC,RankE,None,RankA,RankD,None,20,20,20,20,20,20,20,20,20,20,GenderMale,None,Skill2Adept | Skill2Unknown,Skill3Immortal,Sage,0,SageMapSprite,CedPortrait
Ishtar,10,3,10,8,10,3,1,7,0,10,3,0,0,0,0,0,0,0,0,0,None,None,None,None,RankB,RankD,RankA,RankE,RankC,None,20,20,20,20,20,20,20,20,20,20,GenderFemale,None,Skill2Adept | Skill2Unknown,Skill3Immortal,SageF,4,SageFMapSprite,IshtarPortrait
ReinhardtDialogue,-AutolevelScheme4,12,11,14,12,12,13,17,0,25,5,0,0,0,0,0,0,0,0,0,RankB,None,None,None,RankC,RankE,None,RankA,RankD,None,20,20,20,20,20,20,20,20,20,20,GenderMale,None,Skill2Unknown | Skill2Vantage,Skill3Immortal,MageKnightDismounted,0,MageKnightDismountedMapSprite,ReinhardtPortrait
LithisCrewMyrmidon,-AutolevelScheme3,12,11,14,12,12,13,17,0,0,0,0,0,0,0,0,0,0,0,0,None,None,None,None,RankC,RankE,None,RankA,RankD,None,20,20,20,20,20,20,20,20,20,20,GenderMale,None,None,None,Myrmidon,0,MyrmidonMapSprite,Myrmidon1Portrait
Emily,10,0,0,0,0,0,2,0,2,0,0,0,0,0,0,0,0,0,0,0,None,None,None,None,RankC,RankE,None,RankA,RankD,None,20,20,20,20,20,20,20,20,20,20,GenderFemale,Skill1Unknown,None,None,Civilian,0,ChildFMapSprite,NPCGirl1Portrait
Muffy,10,0,0,0,0,0,2,0,2,0,0,0,0,0,0,0,0,0,0,0,None,None,None,None,RankC,RankE,None,RankA,RankD,None,20,20,20,20,20,20,20,20,20,20,GenderMale,Skill1Unknown,None,None,Civilian,0,ChildMapSprite,NPCBoy1Portrait
Vera,10,0,0,0,0,0,2,0,2,0,0,0,0,0,0,0,0,0,0,0,None,None,None,None,RankC,RankE,None,RankA,RankD,None,20,20,20,20,20,20,20,20,20,20,GenderFemale,Skill1Unknown,None,None,Civilian,0,ChildFMapSprite,NPCGirl1Portrait
Cliff,10,0,0,0,0,0,2,0,2,0,0,0,0,0,0,0,0,0,0,0,None,None,None,None,RankC,RankE,None,RankA,RankD,None,20,20,20,20,20,20,20,20,20,20,GenderMale,Skill1Unknown,None,None,Civilian,0,ChildMapSprite,NPCBoy1Portrait
Bowie,10,0,0,0,0,0,2,0,2,0,0,0,0,0,0,0,0,0,0,0,None,None,None,None,RankC,RankE,None,RankA,RankD,None,20,20,20,20,20,20,20,20,20,20,GenderMale,Skill1Unknown,None,None,Civilian,0,ChildMapSprite,NPCBoy1Portrait
Lina,10,0,0,0,0,0,2,0,2,0,0,0,0,0,0,0,0,0,0,0,None,None,None,None,RankC,RankE,None,RankA,RankD,None,20,20,20,20,20,20,20,20,20,20,GenderFemale,Skill1Unknown,None,None,Civilian,0,ChildFMapSprite,NPCGirl1Portrait
MercenaryMyrmidon1,-AutolevelScheme3,0,0,0,0,0,2,0,2,0,0,0,0,0,0,0,0,0,0,0,None,None,None,None,None,None,None,None,None,None,20,20,20,20,20,20,20,20,20,20,GenderMale,None,None,None,Myrmidon,0,MyrmidonMapSprite,Myrmidon1Portrait
Galzus,30,14,8,13,13,9,10,17,1,25,3,50,40,45,55,50,15,10,70,1,RankA,None,RankA,None,None,None,None,None,None,None,20,20,20,20,20,20,20,20,20,20,GenderMale,None,None,Skill3Astra | Skill3Luna,Hero,0,HeroMapSprite,GalzusPortrait
MansterCavalier,-AutolevelScheme1,0,0,0,0,0,2,0,2,0,0,0,0,0,0,0,0,0,0,0,RankC,None,None,None,None,None,None,None,None,None,20,20,20,20,20,20,20,20,20,20,GenderMale,None,None,None,Cavalier,0,CavalierMapSprite,Knight1Portrait
MansterPaladin,-AutolevelScheme1,0,0,0,0,0,2,0,2,0,0,0,0,0,0,0,0,0,0,0,RankC,None,None,None,None,None,None,None,None,None,20,20,20,20,20,20,20,20,20,20,GenderMale,None,None,None,Paladin,0,PaladinMapSprite,Knight6Portrait
MansterBowKnight,-AutolevelScheme1,0,0,0,0,0,2,0,2,0,0,0,0,0,0,0,0,0,0,0,RankC,None,None,None,None,None,None,None,None,None,20,20,20,20,20,20,20,20,20,20,GenderMale,None,None,None,BowKnight,0,BowKnightMapSprite,BowKnight1Portrait
MansterTroubadour,-AutolevelScheme1,0,0,0,0,0,2,0,2,0,0,0,0,0,0,0,0,0,0,0,RankC,None,None,None,None,None,None,None,None,None,20,20,20,20,20,20,20,20,20,20,GenderMale,None,None,None,Troubadour,0,TroubadourMapSprite,MagicKnight2Portrait
Eisenhowe,14,7,3,6,7,4,7,3,0,0,0,0,0,0,0,0,0,0,0,0,RankC,RankB,None,None,None,None,None,None,None,None,20,20,20,20,20,20,20,20,20,20,GenderMale,None,None,None,Paladin,1,PaladinMapSprite,Leonsterite7Portrait
Hannibal,-AutolevelScheme4,0,0,0,0,0,2,0,2,0,0,0,0,0,0,0,0,0,0,0,RankC,None,None,None,None,None,None,None,None,None,20,20,20,20,20,20,20,20,20,20,GenderMale,None,Skill2Unknown,Skill3Immortal,General,5,GeneralMapSprite,HannibalPortrait
MansterAxeKnight,-AutolevelScheme1,0,0,0,0,0,2,0,2,0,0,0,0,0,0,0,0,0,0,0,RankC,None,None,None,None,None,None,None,None,None,20,20,20,20,20,20,20,20,20,20,GenderMale,None,None,None,AxeKnight,0,AxeKnightMapSprite,AxeKnight1Portrait
BanditBrigand1,-AutolevelScheme3,0,0,0,0,0,2,0,2,0,0,0,0,0,0,0,0,0,0,0,RankC,None,None,None,None,None,None,None,None,None,20,20,20,20,20,20,20,20,20,20,GenderMale,None,None,None,Brigand,0,BrigandMapSprite,Brigand2Portrait
BanditHunter,-AutolevelScheme3,0,0,0,0,0,2,0,2,0,0,0,0,0,0,0,0,0,0,0,RankC,None,None,None,None,None,None,None,None,None,20,20,20,20,20,20,20,20,20,20,GenderMale,None,None,None,Hunter,0,HunterMapSprite,Archer3Portrait
BanditWarrior,-AutolevelScheme3,0,0,0,0,0,2,0,2,0,0,0,0,0,0,0,0,0,0,0,RankC,None,None,None,None,None,None,None,None,None,20,20,20,20,20,20,20,20,20,20,GenderMale,None,None,None,Warrior,0,WarriorMapSprite,Fighter1Portrait
Rumaigh,12,6,1,2,1,0,1,6,1,5,0,0,0,0,0,0,0,0,0,0,RankE,RankB,None,None,None,None,None,None,None,None,20,20,20,20,20,20,20,20,20,20,GenderMale,None,None,None,WyvernKnight,0,WyvernKnightMapSprite,Leonsterite5Portrait
Gomer,18,10,2,9,8,6,9,11,0,5,0,0,0,0,0,0,0,0,0,0,None,None,RankB,RankC,None,None,None,None,None,None,20,20,20,20,20,20,20,20,20,20,GenderMale,None,None,None,Warrior,1,WarriorMapSprite,GomerPortrait
Merloch,18,9,2,8,8,5,8,10,0,0,1,0,0,0,0,0,0,0,0,0,RankC,RankD,None,None,None,None,None,None,None,None,20,20,20,20,20,20,20,20,20,20,GenderMale,None,None,None,WyvernKnight,1,WyvernKnightMapSprite,MerlochPortrait
ThracianWyvernKnight1,-AutolevelScheme1,0,0,0,0,0,2,0,2,0,0,0,0,0,0,0,0,0,0,0,RankC,None,None,None,None,None,None,None,None,None,20,20,20,20,20,20,20,20,20,20,GenderMale,None,None,None,WyvernKnight,0,WyvernKnightMapSprite,WyvernKnight2Portrait
ThracianMyrmidon,-AutolevelScheme1,0,0,0,0,0,2,0,2,0,0,0,0,0,0,0,0,0,0,0,RankC,None,None,None,None,None,None,None,None,None,20,20,20,20,20,20,20,20,20,20,GenderMale,None,None,None,Myrmidon,0,MyrmidonMapSprite,Myrmidon1Portrait
ThracianFighter,-AutolevelScheme3,0,0,0,0,0,2,0,2,0,0,0,0,0,0,0,0,0,0,0,RankC,None,None,None,None,None,None,None,None,None,20,20,20,20,20,20,20,20,20,20,GenderMale,None,None,None,Fighter,0,FighterMapSprite,Fighter2Portrait
Altena,-AutolevelScheme4,0,0,0,0,0,2,0,2,0,0,0,0,0,0,0,0,0,0,0,RankC,None,None,None,None,None,None,None,None,None,20,20,20,20,20,20,20,20,20,20,GenderFemale,None,Skill2Adept | Skill2Unknown,Skill3Immortal,WyvernKnightF,0,WyvernKnightFMapSprite,AltenaPortrait
Travant,20,20,4,20,20,20,9,6,3,25,2,0,0,0,0,0,0,0,0,0,RankC,None,None,None,None,None,None,None,None,None,20,20,20,20,20,20,20,20,20,20,GenderMale,None,Skill2Adept | Skill2Vantage | Skill2Nihil,None,WyvernMaster,3,WyvernMasterMapSprite,TravantPortrait
Largo,16,8,2,7,7,5,7,18,0,10,1,0,0,0,0,0,0,0,0,0,RankB,RankB,RankE,RankD,None,None,None,None,None,None,20,20,20,20,20,20,20,20,20,20,GenderMale,None,None,None,General,3,GeneralMapSprite,LargoPortrait
MansterBallista,-AutolevelScheme9,0,0,0,0,0,2,0,2,0,0,0,0,0,0,0,0,0,0,0,RankC,None,None,None,None,None,None,None,None,None,20,20,20,20,20,20,20,20,20,20,GenderMale,None,None,None,Ballistician,0,BallisticianMapSprite,Ballistician1Portrait
MansterArmoredAxe,-AutolevelScheme1,0,0,0,0,0,2,0,2,0,0,0,0,0,0,0,0,0,0,0,RankC,None,None,None,None,None,None,None,None,None,20,20,20,20,20,20,20,20,20,20,GenderMale,None,None,None,ArmoredAxe,0,ArmoredAxeMapSprite,Armor2Portrait
Kempf,20,10,6,8,9,6,8,10,0,5,2,0,0,0,0,0,0,0,0,0,RankA,None,None,None,None,None,RankA,None,None,None,20,20,20,20,20,20,20,20,20,20,GenderMale,None,Skill2Unknown,Skill3Immortal,MageKnightDismounted,3,MageKnightDismountedMapSprite,KempfPortrait
Hortefeux,-AutolevelScheme4,0,0,0,0,0,2,0,2,0,0,0,0,0,0,0,0,0,0,0,RankC,None,None,None,None,None,None,None,None,None,20,20,20,20,20,20,20,20,20,20,GenderMale,None,None,None,Bishop,1,BishopMapSprite,HortefeuxPortrait
Rosa,10,0,0,0,0,0,2,0,2,0,0,0,0,0,0,0,0,0,0,0,None,None,None,None,None,None,None,None,None,None,20,20,20,20,20,20,20,20,20,20,GenderFemale,None,None,None,Civilian,0,ChildFMapSprite,NPCGirl1Portrait
Sayla,10,0,0,0,0,0,2,0,2,0,0,0,0,0,0,0,0,0,0,0,None,None,None,None,None,None,None,None,None,None,20,20,20,20,20,20,20,20,20,20,GenderFemale,None,None,None,Civilian,0,ChildFMapSprite,NPCGirl7Portrait
Peter,10,0,0,0,0,0,2,0,2,0,0,0,0,0,0,0,0,0,0,0,None,None,None,None,None,None,None,None,None,None,20,20,20,20,20,20,20,20,20,20,GenderMale,None,None,None,Civilian,0,ChildMapSprite,NPCBoy1Portrait
Kolkho,22,6,0,6,6,5,8,3,0,0,0,0,0,0,0,0,0,0,0,0,None,None,RankE,None,None,None,None,None,None,None,0,0,200,0,0,0,0,0,0,0,GenderMale,None,None,None,Warrior,1,WarriorMapSprite,KolkhoPortrait
Liszt,20,7,1,6,7,5,10,6,0,0,0,0,0,0,0,0,0,0,0,0,RankC,RankB,RankC,RankC,None,None,None,None,None,None,20,20,20,20,20,20,20,20,20,20,GenderMale,None,Skill2Pavise,None,General,1,GeneralMapSprite,LisztPortrait
Paulus,18,9,5,8,9,5,8,8,0,0,1,0,0,0,0,0,0,0,0,0,RankC,RankC,RankA,RankC,RankA,RankC,RankB,RankA,None,None,20,20,20,20,20,20,20,20,20,20,GenderMale,None,Skill2Pavise,None,Baron,4,BaronMapSprite,PaulusPortrait
Baldach,22,8,2,7,8,6,12,14,1,5,0,0,0,0,0,0,0,0,0,0,RankC,RankA,RankB,RankC,None,None,None,None,None,None,20,20,20,20,20,20,20,20,20,20,GenderMale,None,None,None,General,3,GeneralMapSprite,BaldachPortrait
ThracianArmoredLance,-AutolevelScheme1,3,0,4,5,1,2,5,0,0,0,0,0,0,0,0,0,0,0,0,None,None,None,None,None,None,None,None,None,None,20,20,20,20,20,20,20,20,20,20,GenderMale,None,None,None,ArmoredLance,0,ArmoredLanceMapSprite,Armor1Portrait
LeonsterLanceKnight,-AutolevelScheme1,3,0,4,5,1,2,5,0,0,0,0,0,0,0,0,0,0,0,0,None,None,None,None,None,None,None,None,None,None,20,20,20,20,20,20,20,20,20,20,GenderMale,None,None,None,LanceKnight,0,LanceKnightMapSprite,Knight2Portrait
LeonsterBowKnight,-AutolevelScheme1,3,0,4,5,1,2,5,0,0,0,0,0,0,0,0,0,0,0,0,None,None,None,None,None,None,None,None,None,None,20,20,20,20,20,20,20,20,20,20,GenderMale,None,None,None,BowKnight,0,BowKnightMapSprite,BowKnight1Portrait
Arion,20,20,6,20,20,20,5,12,3,25,9,0,0,0,0,0,0,0,0,0,None,RankB,None,None,None,None,None,None,None,None,20,20,20,20,20,20,20,20,20,20,GenderMale,None,Skill2Adept | Skill2Unknown | Skill2Nihil,Skill3Immortal,WyvernMaster,5,WyvernMasterMapSprite,ArionPortrait
McCloy,-AutolevelScheme4,20,6,20,20,20,5,12,3,0,0,0,0,0,0,0,0,0,0,0,None,None,None,None,None,None,None,None,None,None,20,20,20,20,20,20,20,20,20,20,GenderMale,None,None,None,WyvernKnight,1,WyvernKnightMapSprite,McCloyPortrait
Codha,14,2,4,7,7,4,6,11,0,0,0,0,0,0,0,0,0,0,0,0,None,None,None,None,RankB,RankE,RankE,RankE,None,RankB,20,20,20,20,20,20,20,20,20,20,GenderMale,None,None,None,DarkBishop,1,DarkBishopMapSprite,CodhaPortrait
LoptyrianDarkMage1,-AutolevelScheme2,20,6,20,20,20,5,12,3,0,0,0,0,0,0,0,0,0,0,0,None,None,None,None,None,None,None,None,None,None,20,20,20,20,20,20,20,20,20,20,GenderMale,None,None,None,DarkMage,0,DarkMageMapSprite,Mage7Portrait
Civilian1,10,0,0,0,0,0,5,0,2,0,0,0,0,0,0,0,0,0,0,0,None,None,None,None,None,None,None,None,None,None,20,20,20,20,20,20,20,20,20,20,GenderFemale,None,None,None,Civilian,0,CivilianFMapSprite,NPCGirl2Portrait
ThiefEnemy1,-AutolevelScheme3,0,0,0,0,0,5,0,2,0,0,0,0,0,0,0,0,0,0,0,None,None,None,None,None,None,None,None,None,None,20,20,20,20,20,20,20,20,20,20,GenderFemale,None,None,None,Thief,0,ThiefMapSprite,Thief3Portrait
MansterSniper,-AutolevelScheme1,0,0,0,0,0,5,0,2,0,0,0,0,0,0,0,0,0,0,0,None,None,None,None,None,None,None,None,None,None,20,20,20,20,20,20,20,20,20,20,GenderFemale,None,None,None,Sniper,0,SniperMapSprite,Archer2Portrait
MercenaryCavalier,-AutolevelScheme1,0,0,0,0,0,5,0,2,0,0,0,0,0,0,0,0,0,0,0,None,None,None,None,None,None,None,None,None,None,20,20,20,20,20,20,20,20,20,20,GenderFemale,None,None,None,Cavalier,0,CavalierMapSprite,Knight1Portrait
PriestEnemy,-AutolevelScheme2,0,0,0,0,0,5,0,2,0,0,0,0,0,0,0,0,0,0,0,None,None,None,None,None,None,None,None,None,None,20,20,20,20,20,20,20,20,20,20,GenderFemale,None,None,None,PriestF,0,PriestFMapSprite,Priest4Portrait
MercenaryMyrmidon2,-AutolevelScheme3,0,0,0,0,0,5,0,2,0,0,0,0,0,0,0,0,0,0,0,None,None,None,None,None,None,None,None,None,None,20,20,20,20,20,20,20,20,20,20,GenderMale,None,None,None,Myrmidon,0,MyrmidonMapSprite,Myrmidon1Portrait
Friege21stBallista,-AutolevelScheme9,0,0,0,0,0,5,0,2,0,0,0,0,0,0,0,0,0,0,0,None,None,None,None,None,None,None,None,None,None,20,20,20,20,20,20,20,20,20,20,GenderMale,None,None,None,BallisticianIron,0,BallisticianIronMapSprite,Ballistician2Portrait
Schuper,-AutolevelScheme4,0,0,0,0,0,5,0,2,0,0,0,0,0,0,0,0,0,0,0,None,None,None,None,None,None,None,None,None,None,20,20,20,20,20,20,20,20,20,20,GenderMale,None,None,None,Baron,1,BaronMapSprite,SchuperPortrait
Brooks,20,10,4,9,8,6,9,12,0,0,0,0,0,0,0,0,0,0,0,0,RankB,RankA,RankD,RankA,None,None,None,None,None,None,20,20,20,20,20,20,20,20,20,20,GenderMale,None,None,None,General,2,GeneralMapSprite,BrooksPortrait
SilessiaPegasusRider1,-AutolevelScheme1,0,0,0,0,0,5,0,2,0,0,0,0,0,0,0,0,0,0,0,None,None,None,None,None,None,None,None,None,None,20,20,20,20,20,20,20,20,20,20,GenderMale,None,None,None,PegasusRider,0,PegasusRiderMapSprite,PegasusKnight2Portrait
Nicolov,28,8,3,7,6,3,13,13,0,0,0,0,0,0,0,0,0,0,0,0,RankA,RankA,RankA,RankA,None,None,None,None,None,None,20,20,20,20,20,20,20,20,20,20,GenderMale,None,None,None,General,5,GeneralMapSprite,LargoPortrait
Moore,20,3,8,8,9,4,7,8,0,0,0,0,0,0,0,0,0,0,0,0,None,None,None,None,RankA,None,None,None,None,RankA,20,20,20,20,20,20,20,20,20,20,GenderMale,None,None,None,DarkBishop,0,DarkBishopMapSprite,MoorePortrait
Mueller,22,10,7,10,9,6,8,11,0,0,1,0,0,0,0,0,0,0,0,0,RankA,None,None,None,None,RankE,RankA,RankD,None,None,20,20,20,20,20,20,20,20,20,20,GenderMale,None,None,None,MageKnight,3,MageKnightMapSprite,MuellerPortrait
Reinkoch,21,4,3,7,4,4,3,5,0,0,0,0,0,0,0,0,0,0,0,0,None,None,None,None,RankA,None,None,None,None,RankB,20,20,20,20,20,20,20,20,20,20,GenderMale,None,None,None,DarkBishop,2,DarkBishopMapSprite,ReinkochPortrait
Parmann,20,9,2,8,8,6,9,8,0,0,0,0,0,0,0,0,0,0,0,0,RankB,RankD,RankD,RankE,None,None,None,None,None,None,20,20,20,20,20,20,20,20,20,20,GenderMale,None,None,None,General,2,GeneralMapSprite,ParmannPortrait
Kant,16,4,9,6,6,4,6,13,0,0,0,0,0,0,0,0,0,0,0,0,None,None,None,None,RankA,RankA,RankE,RankD,RankC,None,20,20,20,20,20,20,20,20,20,20,GenderMale,None,None,None,General,0,GeneralMapSprite,KantPortrait
Gustav,28,12,10,10,9,8,11,13,1,5,0,0,0,0,0,0,0,0,0,0,None,RankA,None,None,RankA,RankD,RankA,None,None,None,20,20,20,20,20,20,20,20,20,20,GenderMale,None,None,None,Baron,3,BaronMapSprite,GustavPortrait
DancerEnemy,-AutolevelScheme3,0,0,0,0,0,5,0,2,0,0,0,0,0,0,0,0,0,0,0,None,None,None,None,None,None,None,None,None,None,20,20,20,20,20,20,20,20,20,20,GenderFemale,None,None,None,Dancer,0,DancerMapSprite,Dancer1Portrait
SisterEnemy,-AutolevelScheme2,0,0,0,0,0,5,0,2,0,0,0,0,0,0,0,0,0,0,0,None,None,None,None,None,None,None,None,None,None,20,20,20,20,20,20,20,20,20,20,GenderFemale,None,None,None,Sister,0,SisterMapSprite,Priest1Portrait
Mannheim,24,1,11,8,11,5,8,15,0,10,0,0,0,0,0,0,0,0,0,0,None,None,None,None,RankB,None,RankA,RankD,RankB,None,20,20,20,20,20,20,20,20,20,20,GenderMale,None,None,None,General,2,GeneralMapSprite,MannheimPortrait
Flavus,24,4,12,10,9,5,9,10,0,0,0,0,0,0,0,0,0,0,0,0,None,None,None,None,RankA,RankE,RankA,RankD,RankB,None,20,20,20,20,20,20,20,20,20,20,GenderMale,None,None,None,Bishop,3,BishopMapSprite,FlavusPortrait
Seimtore,24,8,4,6,7,6,9,14,0,0,0,48,15,5,12,13,15,14,14,0,None,RankA,None,None,None,None,None,None,None,None,20,20,20,20,20,20,20,20,20,20,GenderMale,None,Skill2Adept | Skill2Miracle | Skill2Nihil,None,WyvernKnight,1,WyvernKnightMapSprite,SeimtorePortrait
Zaumm,26,10,6,10,8,7,11,12,0,0,0,0,0,0,0,0,0,0,0,0,RankA,RankE,RankA,RankD,RankA,None,None,RankA,None,None,20,20,20,20,20,20,20,20,20,20,GenderMale,None,None,None,Baron,2,BaronMapSprite,ZaummPortrait
Cohen,20,2,9,10,5,0,4,7,0,5,0,0,0,0,0,0,0,0,0,0,None,RankA,None,None,RankA,None,None,RankA,None,None,20,20,20,20,20,20,20,20,20,20,GenderMale,None,Skill2Pavise,None,Baron,4,BaronMapSprite,GunterPortrait
Alphan,26,4,8,9,9,6,7,13,0,10,0,0,0,0,0,0,0,0,0,0,None,None,None,None,RankB,None,None,None,None,RankA,20,20,20,20,20,20,20,20,20,20,GenderMale,None,None,None,DarkBishop,2,DarkBishopMapSprite,AlphanPortrait
Orbis,28,10,3,8,9,7,13,6,0,25,5,0,0,250,0,0,0,0,0,0,None,None,None,None,None,None,None,None,None,None,20,20,20,20,20,20,20,20,20,20,GenderMale,None,None,None,WyvernKnight,0,WyvernKnightMapSprite,KolkhoPortrait
Farden,24,10,4,8,10,8,10,16,0,5,0,0,0,0,0,0,0,0,0,0,RankA,RankA,None,None,None,None,None,None,None,None,20,20,20,20,20,20,20,20,20,20,GenderMale,None,None,None,Paladin,2,PaladinMapSprite,FardenPortrait
Coulter,24,9,4,10,9,7,9,9,0,0,0,0,0,0,0,0,0,0,0,0,None,RankA,None,None,None,None,None,None,None,None,20,20,20,20,20,20,20,20,20,20,GenderMale,None,None,None,WyvernKnight,1,WyvernKnightMapSprite,CoulterPortrait
Reinhardt,28,10,20,10,10,8,9,18,1,25,2,0,0,0,0,0,0,0,0,0,RankA,None,None,None,None,RankB,RankA,RankC,None,None,20,20,20,20,20,20,20,20,20,20,GenderMale,None,Skill2Adept | Skill2Vantage | Skill2Assail | Skill2Pavise,None,MageKnight,5,MageKnightMapSprite,ReinhardtPortrait
Nancy,10,0,0,0,0,0,2,0,2,0,0,0,0,0,0,0,0,0,0,0,None,None,None,None,RankC,RankE,None,RankA,RankD,None,20,20,20,20,20,20,20,20,20,20,GenderFemale,None,None,None,Civilian,0,ChildFMapSprite,NPCBoy2Portrait
TahraCivilian1,10,0,0,0,0,0,2,0,2,0,0,0,0,0,0,0,0,0,0,0,None,None,None,None,RankC,RankE,None,RankA,RankD,None,20,20,20,20,20,20,20,20,20,20,GenderFemale,None,None,None,Civilian,0,CivilianMapSprite,NPCMan1Portrait
TahraCivilian2,10,0,0,0,0,0,2,0,2,0,0,0,0,0,0,0,0,0,0,0,None,None,None,None,RankC,RankE,None,RankA,RankD,None,20,20,20,20,20,20,20,20,20,20,GenderFemale,None,None,None,Civilian,0,CivilianFMapSprite,NPCWoman1Portrait
TahraCivilian3,10,0,0,0,0,0,2,0,2,0,0,0,0,0,0,0,0,0,0,0,None,None,None,None,RankC,RankE,None,RankA,RankD,None,20,20,20,20,20,20,20,20,20,20,GenderFemale,None,None,None,Civilian,0,CivilianFMapSprite,NPCGirl2Portrait
TahraCivilian4,10,0,0,0,0,0,2,0,2,0,0,0,0,0,0,0,0,0,0,0,None,None,None,None,RankC,RankE,None,RankA,RankD,None,20,20,20,20,20,20,20,20,20,20,GenderFemale,None,None,None,Civilian,0,CivilianFMapSprite,NPCWoman3Portrait
TahraCivilian5,10,0,0,0,0,0,2,0,2,0,0,0,0,0,0,0,0,0,0,0,None,None,None,None,RankC,RankE,None,RankA,RankD,None,20,20,20,20,20,20,20,20,20,20,GenderFemale,None,None,None,Civilian,0,CivilianMapSprite,NPCMan7Portrait
TahraCivilian6,10,0,0,0,0,0,2,0,2,0,0,0,0,0,0,0,0,0,0,0,None,None,None,None,RankC,RankE,None,RankA,RankD,None,20,20,20,20,20,20,20,20,20,20,GenderFemale,None,None,None,Civilian,0,CivilianMapSprite,NPCMan11Portrait
MercenaryMyrmidon3,-AutolevelScheme6,0,0,0,0,0,2,0,2,0,0,0,0,0,0,0,0,0,0,0,None,None,None,None,RankC,RankE,None,RankA,RankD,None,20,20,20,20,20,20,20,20,20,20,GenderMale,None,None,None,Myrmidon,0,MyrmidonMapSprite,Myrmidon1Portrait
FriegeBallista1,-AutolevelScheme9,0,0,0,0,0,0,0,0,0,0,0,0,0,0,0,0,0,0,0,None,None,None,None,None,None,None,None,None,None,20,20,20,20,20,20,20,20,20,20,GenderMale,None,None,None,Ballistician,0,BallisticianMapSprite,Ballistician1Portrait
FriegeCavalier1,-AutolevelScheme1,0,0,0,0,0,0,0,0,0,0,0,0,0,0,0,0,0,0,0,None,None,None,None,None,None,None,None,None,None,20,20,20,20,20,20,20,20,20,20,GenderMale,None,None,None,Cavalier,0,CavalierMapSprite,Knight1Portrait
FriegeTroubadour1,-AutolevelScheme1,0,0,0,0,0,0,0,0,0,0,0,0,0,0,0,0,0,0,0,None,None,None,None,None,None,None,None,None,None,20,20,20,20,20,20,20,20,20,20,GenderMale,None,None,None,Troubadour,0,TroubadourMapSprite,MagicKnight2Portrait
FriegeArmoredBow1,-AutolevelScheme1,0,0,0,0,0,0,0,0,0,0,0,0,0,0,0,0,0,0,0,None,None,None,None,None,None,None,None,None,None,20,20,20,20,20,20,20,20,20,20,GenderMale,None,None,None,ArmoredBow,0,ArmoredBowMapSprite,Armor3Portrait
FriegeArmoredLance1,-AutolevelScheme1,0,0,0,0,0,0,0,0,0,0,0,0,0,0,0,0,0,0,0,None,None,None,None,None,None,None,None,None,None,20,20,20,20,20,20,20,20,20,20,GenderMale,None,None,None,ArmoredLance,0,ArmoredLanceMapSprite,Armor1Portrait
FriegeArmoredAxe1,-AutolevelScheme1,0,0,0,0,0,0,0,0,0,0,0,0,0,0,0,0,0,0,0,None,None,None,None,None,None,None,None,None,None,20,20,20,20,20,20,20,20,20,20,GenderMale,None,None,None,ArmoredAxe,0,ArmoredAxeMapSprite,Armor2Portrait
FriegeArcher,-AutolevelScheme1,0,0,0,0,0,0,0,0,0,0,0,0,0,0,0,0,0,0,0,None,None,None,None,None,None,None,None,None,None,20,20,20,20,20,20,20,20,20,20,GenderMale,None,None,None,ArcherEnemy,0,ArcherEnemyMapSprite,Archer6Portrait
FriegeMage1,-AutolevelScheme1,0,0,0,0,0,0,0,0,0,0,0,0,0,0,0,0,0,0,0,None,None,None,None,None,None,None,None,None,None,20,20,20,20,20,20,20,20,20,20,GenderMale,None,None,None,ThunderMage,0,ThunderMageMapSprite,Mage3Portrait
RilkeKempfPortrait,-AutolevelScheme4,0,0,0,0,0,0,0,0,0,0,0,0,0,0,0,0,0,0,0,None,None,None,None,None,None,None,None,None,None,20,20,20,20,20,20,20,20,20,20,GenderMale,None,None,None,General,3,GeneralMapSprite,KempfPortrait
MansterArmoredLance,-AutolevelScheme1,3,0,4,5,1,2,5,0,0,0,0,0,0,0,0,0,0,0,0,None,None,None,None,None,None,None,None,None,None,20,20,20,20,20,20,20,20,20,20,GenderMale,None,None,None,ArmoredLance,0,ArmoredLanceMapSprite,Armor1Portrait
Civilian2,10,0,0,0,0,0,0,0,2,0,0,0,0,0,0,0,0,0,0,0,None,None,None,None,None,None,None,None,None,None,20,20,20,20,20,20,20,20,20,20,GenderMale,Skill1Unknown,None,None,Civilian,0,CivilianMapSprite,NPCMan7Portrait
Civilian3,10,0,0,0,0,0,0,0,2,0,0,0,0,0,0,0,0,0,0,0,None,None,None,None,None,None,None,None,None,None,20,20,20,20,20,20,20,20,20,20,GenderMale,Skill1Unknown,None,None,Civilian,0,CivilianFMapSprite,NPCWoman2Portrait
Civilian4,10,0,0,0,0,0,0,0,2,0,0,0,0,0,0,0,0,0,0,0,None,None,None,None,None,None,None,None,None,None,20,20,20,20,20,20,20,20,20,20,GenderFemale,Skill1Unknown,None,None,Civilian,0,CivilianFMapSprite,NPCGirl2Portrait
Civilian5,10,0,0,0,0,0,0,0,2,0,0,0,0,0,0,0,0,0,0,0,None,None,None,None,None,None,None,None,None,None,20,20,20,20,20,20,20,20,20,20,GenderFemale,Skill1Unknown,None,None,Civilian,0,ChildFMapSprite,NPCGirl1Portrait
Civilian6,10,0,0,0,0,0,0,0,2,0,0,0,0,0,0,0,0,0,0,0,None,None,None,None,None,None,None,None,None,None,20,20,20,20,20,20,20,20,20,20,GenderFemale,Skill1Unknown,None,None,Civilian,0,CivilianMapSprite,NPCMan8Portrait
Civilian7,10,0,0,0,0,0,0,0,2,0,0,0,0,0,0,0,0,0,0,0,None,None,None,None,None,None,None,None,None,None,20,20,20,20,20,20,20,20,20,20,GenderMale,Skill1Unknown,None,None,Civilian,0,CivilianFMapSprite,NPCWoman1Portrait
MansterMage1,-AutolevelScheme2,0,0,0,0,0,2,0,2,0,0,0,0,0,0,0,0,0,0,0,RankC,None,None,None,None,None,None,None,None,None,20,20,20,20,20,20,20,20,20,20,GenderMale,None,None,None,ThunderMage,0,ThunderMageMapSprite,Mage3Portrait
MansterPriest1,-AutolevelScheme2,0,0,0,0,0,5,0,2,0,0,0,0,0,0,0,0,0,0,0,None,None,None,None,None,None,None,None,None,None,20,20,20,20,20,20,20,20,20,20,GenderFemale,None,None,None,Priest,0,PriestMapSprite,Priest1Portrait
JuliusJuliaPortrait,-AutolevelScheme2,0,0,0,0,0,5,0,2,0,0,0,0,0,0,0,0,0,0,0,None,None,None,None,None,None,None,None,None,None,20,20,20,20,20,20,20,20,20,20,GenderFemale,None,None,None,DarkPrince,0,DarkPrinceMapSprite,JuliaPortrait
ManfroyMatriaPortrait,-AutolevelScheme2,0,0,0,0,0,5,0,2,0,0,0,0,0,0,0,0,0,0,0,None,None,None,None,None,None,None,None,None,None,20,20,20,20,20,20,20,20,20,20,GenderFemale,None,None,None,DarkBishop,0,DarkBishopMapSprite,MatriaPortrait
MansterMage2,-AutolevelScheme2,0,0,0,0,0,5,0,2,0,0,0,0,0,0,0,0,0,0,0,None,None,None,None,None,None,None,None,None,None,20,20,20,20,20,20,20,20,20,20,GenderFemale,None,None,None,ThunderMageF,0,ThunderMageFMapSprite,Mage9Portrait
MansterMyrmidon,-AutolevelScheme1,0,0,0,0,0,5,0,2,0,0,0,0,0,0,0,0,0,0,0,None,None,None,None,None,None,None,None,None,None,20,20,20,20,20,20,20,20,20,20,GenderMale,None,None,None,Myrmidon,0,MyrmidonMapSprite,Myrmidon1Portrait
PitfighterHero,-AutolevelScheme6,0,0,0,0,0,5,0,2,0,0,0,0,0,0,0,0,0,0,0,None,None,None,None,None,None,None,None,None,None,20,20,20,20,20,20,20,20,20,20,GenderMale,None,None,None,Hero,0,HeroMapSprite,Myrmidon9Portrait
PitfighterWarrior,-AutolevelScheme6,0,0,0,0,0,5,0,2,0,0,0,0,0,0,0,0,0,0,0,None,None,None,None,None,None,None,None,None,None,20,20,20,20,20,20,20,20,20,20,GenderMale,None,None,None,Warrior,0,WarriorMapSprite,Fighter1Portrait
PitfighterGeneral,-AutolevelScheme6,0,0,0,0,0,5,0,2,0,0,0,0,0,0,0,0,0,0,0,None,None,None,None,None,None,None,None,None,None,20,20,20,20,20,20,20,20,20,20,GenderMale,None,None,None,General,0,GeneralMapSprite,General1Portrait
PitfighterSwordmaster,-AutolevelScheme6,0,0,0,0,0,5,0,2,0,0,0,0,0,0,0,0,0,0,0,None,None,None,None,None,None,None,None,None,None,20,20,20,20,20,20,20,20,20,20,GenderMale,None,None,None,Swordmaster,0,SwordmasterMapSprite,Myrmidon2Portrait
PitfighterBerserker,-AutolevelScheme6,0,0,0,0,0,5,0,2,0,0,0,0,0,0,0,0,0,0,0,None,None,None,None,None,None,None,None,None,None,20,20,20,20,20,20,20,20,20,20,GenderMale,None,None,None,Berserker,0,BerserkerMapSprite,Brigand1Portrait
MansterPriest2,-AutolevelScheme6,0,0,0,0,0,5,0,2,0,0,0,0,0,0,0,0,0,0,0,None,None,None,None,None,None,None,None,None,None,20,20,20,20,20,20,20,20,20,20,GenderMale,None,None,None,Priest,0,PriestMapSprite,Priest1Portrait
Bandole,-AutolevelScheme6,0,0,0,0,0,5,0,2,0,0,0,0,0,0,0,0,0,0,0,None,None,None,None,None,None,None,None,None,None,20,20,20,20,20,20,20,20,20,20,GenderMale,None,None,None,General,1,GeneralMapSprite,WeissmannPortrait
LoptyrianDarkBishop,-AutolevelScheme6,0,0,0,0,0,5,0,2,0,0,0,0,0,0,0,0,0,0,0,None,None,None,None,None,None,None,None,None,None,20,20,20,20,20,20,20,20,20,20,GenderMale,None,None,None,DarkBishop,0,DarkBishopMapSprite,Priest3Portrait
Truman,-AutolevelScheme6,0,0,0,0,0,5,0,2,0,0,0,0,0,0,0,0,0,0,0,None,None,None,None,None,None,None,None,None,None,20,20,20,20,20,20,20,20,20,20,GenderMale,None,None,None,General,2,GeneralMapSprite,LargoPortrait
MansterSoldier1,0,1,0,2,3,1,1,2,0,0,0,0,0,0,0,0,0,0,0,0,None,None,None,None,None,None,None,None,None,None,20,20,20,20,20,20,20,20,20,20,GenderMale,None,None,None,Soldier,0,SoldierMapSprite,Soldier1Portrait
BanditBerserker,-AutolevelScheme3,1,0,2,3,1,1,2,0,0,0,0,0,0,0,0,0,0,0,0,None,None,None,None,None,None,None,None,None,None,20,20,20,20,20,20,20,20,20,20,GenderMale,None,None,None,Berserker,0,BerserkerMapSprite,Brigand1Portrait
MercenaryMyrmidon4,-AutolevelScheme6,1,0,2,3,1,1,2,0,0,0,0,0,0,0,0,0,0,0,0,None,None,None,None,None,None,None,None,None,None,20,20,20,20,20,20,20,20,20,20,GenderMale,None,None,None,MyrmidonF,0,MyrmidonFMapSprite,Myrmidon5Portrait
MagiSquadMyrmidon1,-AutolevelScheme6,1,0,2,3,1,1,2,0,0,0,0,0,0,0,0,0,0,0,0,None,None,None,None,None,None,None,None,None,None,20,20,20,20,20,20,20,20,20,20,GenderFemale,None,None,None,MyrmidonF,0,MyrmidonFMapSprite,Myrmidon5Portrait
MagiSquadFighter,-AutolevelScheme6,1,0,2,3,1,1,2,0,0,0,0,0,0,0,0,0,0,0,0,None,None,None,None,None,None,None,None,None,None,20,20,20,20,20,20,20,20,20,20,GenderMale,None,None,None,Fighter,0,FighterMapSprite,Fighter2Portrait
MagiSquadArcher,-AutolevelScheme6,1,0,2,3,1,1,2,0,0,0,0,0,0,0,0,0,0,0,0,None,None,None,None,None,None,None,None,None,None,20,20,20,20,20,20,20,20,20,20,GenderMale,None,None,None,Archer,0,ArcherMapSprite,Archer1Portrait
MagiSquadMyrmidon2,-AutolevelScheme1,1,0,2,3,1,1,2,0,0,0,0,0,0,0,0,0,0,0,0,None,None,None,None,None,None,None,None,None,None,20,20,20,20,20,20,20,20,20,20,GenderMale,None,None,None,Myrmidon,0,MyrmidonMapSprite,Myrmidon1Portrait
WyvernRiderEnemy,-AutolevelScheme1,1,0,2,3,1,1,2,0,0,0,0,0,0,0,0,0,0,0,0,None,None,None,None,None,None,None,None,None,None,20,20,20,20,20,20,20,20,20,20,GenderMale,None,None,None,WyvernRider,0,WyvernRiderMapSprite,WyvernKnight1Portrait
BishopEnemy,-AutolevelScheme2,2,3,1,3,2,1,1,2,0,0,0,0,0,0,0,0,0,0,0,None,None,None,None,None,RankA,None,None,None,None,20,20,20,20,20,20,20,20,20,20,GenderMale,None,None,None,Bishop,3,BishopMapSprite,Priest2Portrait
Dvorak,-AutolevelScheme6,2,3,1,3,2,1,1,2,5,0,0,0,0,0,0,0,0,0,0,None,None,None,None,None,RankA,None,None,None,None,20,20,20,20,20,20,20,20,20,20,GenderMale,None,Skill2Adept,None,WyvernKnight,0,WyvernKnightMapSprite,DvorakPortrait
MansterBishop2,10,1,2,2,2,4,1,3,0,0,0,0,0,0,0,0,0,0,0,0,None,None,None,None,None,RankA,None,None,None,None,20,20,20,20,20,20,20,20,20,20,GenderMale,None,None,None,Bishop,0,BishopMapSprite,Priest2Portrait
FriegeBallista2,0,6,0,0,4,3,3,2,0,0,0,0,0,0,0,0,0,0,0,0,None,None,None,None,None,None,None,None,None,None,20,20,20,20,20,20,20,20,20,20,GenderMale,None,None,None,Ballistician,0,BallisticianMapSprite,Ballistician1Portrait
BanditBrigand2,-AutolevelScheme6,6,0,0,4,3,3,2,0,0,0,0,0,0,0,0,0,0,0,0,None,None,None,None,None,None,None,None,None,None,20,20,20,20,20,20,20,20,20,20,GenderMale,Skill1Steal,None,None,Brigand,0,BrigandAlternateMapSprite,Brigand2Portrait
ThiefEnemy2,10,3,0,1,8,2,7,9,1,5,0,0,0,0,0,0,0,0,0,0,None,None,None,None,None,None,None,None,None,None,20,20,20,20,20,20,20,20,20,20,GenderMale,None,None,None,Thief,0,ThiefMapSprite,Thief3Portrait
ArcherEnemy1,-AutolevelScheme6,0,0,0,0,0,0,0,1,0,0,0,0,0,0,0,0,0,0,0,None,None,None,None,None,None,None,None,None,None,20,20,20,20,20,20,20,20,20,20,GenderMale,None,None,None,ArcherF,0,ArcherFMapSprite,Archer4Portrait
FriegeBishop1,-AutolevelScheme6,0,0,0,0,0,0,0,1,0,0,0,0,0,0,0,0,0,0,0,None,None,None,None,None,None,None,None,None,None,20,20,20,20,20,20,20,20,20,20,GenderMale,None,None,None,Bishop,2,BishopMapSprite,Priest2Portrait
FriegeArmoredLance2,-AutolevelScheme6,0,0,0,0,0,0,0,1,0,0,0,0,0,0,0,0,0,0,0,None,None,None,None,None,None,None,None,None,None,20,20,20,20,20,20,20,20,20,20,GenderMale,None,None,None,ArmoredLance,0,ArmoredLanceMapSprite,Armor1Portrait
FriegeArmoredBow2,-AutolevelScheme6,0,0,0,0,0,0,0,1,0,0,0,0,0,0,0,0,0,0,0,None,None,None,None,None,None,None,None,None,None,20,20,20,20,20,20,20,20,20,20,GenderMale,None,None,None,ArmoredBow,0,ArmoredBowMapSprite,Armor3Portrait
FriegeMage2,-AutolevelScheme5,0,0,0,0,0,0,0,1,0,0,0,0,0,0,0,0,0,0,0,None,None,None,None,None,None,None,None,None,None,20,20,20,20,20,20,20,20,20,20,GenderMale,None,None,None,ThunderMage,0,ThunderMageMapSprite,Mage1Portrait
BallistaEnemy,-AutolevelScheme9,0,0,0,0,0,0,0,1,0,0,0,0,0,0,0,0,0,0,0,None,None,None,None,None,None,None,None,None,None,20,20,20,20,20,20,20,20,20,20,GenderMale,None,None,None,BallisticianIron,0,BallisticianIronMapSprite,Ballistician2Portrait
FriegeArmoredAxe2,-AutolevelScheme6,0,0,0,0,0,0,0,1,0,0,0,0,0,0,0,0,0,0,0,None,None,None,None,None,None,None,None,None,None,20,20,20,20,20,20,20,20,20,20,GenderMale,None,None,None,ArmoredAxe,0,ArmoredAxeMapSprite,Armor2Portrait
Eichmann,18,8,0,8,8,6,8,16,0,10,2,0,0,0,0,0,0,0,0,0,RankC,None,RankB,None,None,None,None,None,None,None,20,20,20,20,20,20,20,20,20,20,GenderMale,None,Skill2Adept,None,Hero,0,HeroMapSprite,EichmannPortrait
Zaille,26,12,2,10,10,7,10,9,0,0,0,0,0,0,0,0,0,0,0,0,None,None,RankB,RankD,None,None,None,None,None,None,20,20,20,20,20,20,20,20,20,20,GenderMale,None,None,None,Warrior,1,WarriorMapSprite,ZaillePortrait
ArmoredSwordEnemy1,-AutolevelScheme1,12,2,10,10,7,10,9,0,0,0,0,0,0,0,0,0,0,0,0,None,None,RankB,RankD,None,None,None,None,None,None,20,20,20,20,20,20,20,20,20,20,GenderMale,None,None,None,ArmoredSword,0,ArmoredSwordMapSprite,Armor4Portrait
SoldierEnemy,-AutolevelScheme1,12,2,10,10,7,10,9,0,0,0,0,0,0,0,0,0,0,0,0,None,None,RankB,RankD,None,None,None,None,None,None,20,20,20,20,20,20,20,20,20,20,GenderMale,None,None,None,Soldier,0,SoldierMapSprite,Soldier1Portrait
FriegeBallista3,0,6,3,0,1,0,2,2,0,0,0,0,0,0,0,0,0,0,0,0,None,None,None,RankD,None,None,None,None,None,None,20,20,20,20,20,20,20,20,20,20,GenderMale,None,None,None,Ballistician,0,BallisticianMapSprite,Ballistician1Portrait
Ilios,20,8,6,8,10,6,0,14,0,5,0,50,40,45,55,50,15,10,70,1,RankB,None,None,None,None,None,RankC,None,None,None,100,100,100,100,100,100,100,100,100,100,GenderMale,None,Skill2Miracle,Skill3Sol,MageKnight,3,MageKnightMapSprite,Ilios2Portrait
SilessiaPegasusRider2,-AutolevelScheme4,8,6,8,10,6,0,14,0,0,0,0,0,0,0,0,0,0,0,0,RankD,RankB,None,None,None,None,None,None,None,None,20,20,20,20,20,20,20,20,20,20,GenderFemale,None,None,None,PegasusRider,0,PegasusRiderMapSprite,PegasusKnight2Portrait
FriegeMageKnight1,-AutolevelScheme4,8,6,8,10,6,0,14,0,0,0,0,0,0,0,0,0,0,0,0,RankD,RankB,None,None,None,None,None,None,None,None,20,20,20,20,20,20,20,20,20,20,GenderFemale,None,None,None,MageKnight,0,MageKnightMapSprite,MagicKnight4Portrait
PaladinEnemy,-AutolevelScheme1,8,6,8,10,6,0,14,0,0,0,0,0,0,0,0,0,0,0,0,RankD,RankB,None,None,None,None,None,None,None,None,20,20,20,20,20,20,20,20,20,20,GenderMale,None,None,None,Paladin,0,PaladinMapSprite,Knight6Portrait
FriegeGreatKnight,-AutolevelScheme1,8,6,8,10,6,0,14,0,0,0,0,0,0,0,0,0,0,0,0,RankD,RankB,None,None,None,None,None,None,None,None,20,20,20,20,20,20,20,20,20,20,GenderMale,None,None,None,GreatKnight,0,GreatKnightMapSprite,AxeKnight2Portrait
ArchKnightEnemy,-AutolevelScheme1,8,6,8,10,6,0,14,0,0,0,0,0,0,0,0,0,0,0,0,RankD,RankB,None,None,None,None,None,None,None,None,20,20,20,20,20,20,20,20,20,20,GenderMale,None,None,None,ArchKnight,0,ArchKnightMapSprite,BowKnight2Portrait
ArmoredSwordEnemy2,-AutolevelScheme4,8,6,8,10,6,0,14,0,0,0,0,0,0,0,0,0,0,0,0,RankD,RankB,None,None,None,None,None,None,None,None,20,20,20,20,20,20,20,20,20,20,GenderMale,None,None,None,ArmoredSword,0,ArmoredSwordMapSprite,Armor4Portrait
FriegeSoldier1,-AutolevelScheme4,8,6,8,10,6,0,14,0,0,0,0,0,0,0,0,0,0,0,0,RankD,RankB,None,None,None,None,None,None,None,None,20,20,20,20,20,20,20,20,20,20,GenderMale,None,None,None,Soldier,0,SoldierMapSprite,Soldier1Portrait
FriegeBowKnight1,-AutolevelScheme4,0,0,0,0,0,2,0,2,0,0,0,0,0,0,0,0,0,0,0,RankC,None,None,None,None,None,None,None,None,None,20,20,20,20,20,20,20,20,20,20,GenderMale,None,None,None,BowKnight,0,BowKnightMapSprite,BowKnight1Portrait
FriegeTroubadour2,-AutolevelScheme4,0,0,0,0,0,2,0,2,0,0,0,0,0,0,0,0,0,0,0,RankC,None,None,None,None,None,None,None,None,None,20,20,20,20,20,20,20,20,20,20,GenderMale,None,None,None,Troubadour,0,TroubadourMapSprite,MagicKnight2Portrait
FriegeLanceKnight1,-AutolevelScheme4,3,0,4,5,1,2,5,0,0,0,0,0,0,0,0,0,0,0,0,None,None,None,None,None,None,None,None,None,None,20,20,20,20,20,20,20,20,20,20,GenderMale,None,None,None,LanceKnight,0,LanceKnightMapSprite,Knight2Portrait
FriegeCavalier2,-AutolevelScheme4,0,0,0,0,0,2,0,2,0,0,0,0,0,0,0,0,0,0,0,RankC,None,None,None,None,None,None,None,None,None,20,20,20,20,20,20,20,20,20,20,GenderMale,None,None,None,Cavalier,0,CavalierMapSprite,Knight1Portrait
Civilian8,10,0,0,0,0,0,2,0,2,0,0,0,0,0,0,0,0,0,0,0,RankC,None,None,None,None,None,None,None,None,None,20,20,20,20,20,20,20,20,20,20,GenderMale,None,None,None,Civilian,0,CivilianMapSprite,NPCMan8Portrait
MyrmidonEnemy1,-AutolevelScheme3,0,0,0,0,0,2,0,2,0,0,0,0,0,0,0,0,0,0,0,RankC,None,None,None,None,None,None,None,None,None,20,20,20,20,20,20,20,20,20,20,GenderMale,None,None,None,Hero,0,HeroMapSprite,Myrmidon9Portrait
SwordmasterEnemy,-AutolevelScheme6,0,0,0,0,0,2,0,2,0,0,0,0,0,0,0,0,0,0,0,RankC,None,None,None,None,None,None,None,None,None,20,20,20,20,20,20,20,20,20,20,GenderMale,None,Skill2Charm,Skill3Luna,Swordmaster,0,SwordmasterMapSprite,Myrmidon2Portrait
BerserkerEnemy1,-AutolevelScheme3,0,0,0,0,0,2,0,2,0,0,0,0,0,0,0,0,0,0,0,RankC,None,None,None,None,None,None,None,None,None,20,20,20,20,20,20,20,20,20,20,GenderMale,None,None,None,Berserker,0,BerserkerMapSprite,Brigand1Portrait
BerserkerEnemy2,-AutolevelScheme3,0,0,0,0,0,2,0,2,0,0,0,0,0,0,0,0,0,0,0,RankC,None,None,None,None,None,None,None,None,None,20,20,20,20,20,20,20,20,20,20,GenderMale,None,None,None,Berserker,0,BerserkerMapSprite,Brigand1Portrait
SilessiaPegasusRider3,10,5,1,7,6,3,2,10,0,0,0,0,0,0,0,0,0,0,0,0,None,RankC,None,None,None,None,None,None,None,None,20,20,20,20,20,20,20,20,20,20,GenderMale,None,None,None,PegasusRider,0,PegasusRiderMapSprite,PegasusKnight2Portrait
FriegeArmoredAxe3,22,8,4,3,2,4,6,5,0,5,0,0,0,0,0,0,0,0,0,0,None,None,RankC,None,None,None,None,None,None,None,20,20,20,20,20,20,20,20,20,20,GenderMale,None,None,None,ArmoredAxe,0,ArmoredAxeMapSprite,Armor2Portrait
FriegeArmoredSword1,25,8,3,4,3,4,5,5,0,5,0,0,0,0,0,0,0,0,0,0,RankE,None,None,None,None,None,None,None,None,None,20,20,20,20,20,20,20,20,20,20,GenderMale,None,None,None,ArmoredSword,0,ArmoredSwordMapSprite,Armor4Portrait
FriegeArmoredLance3,20,8,4,4,3,2,3,5,0,0,0,0,0,0,0,0,0,0,0,0,None,RankE,None,None,None,None,None,None,None,None,20,20,20,20,20,20,20,20,20,20,GenderMale,None,None,None,ArmoredLance,0,ArmoredLanceMapSprite,Armor1Portrait
FriegeBallista4,5,7,3,0,4,1,2,2,0,0,0,0,0,0,0,0,0,0,0,0,RankD,None,None,None,None,None,None,None,None,None,20,20,20,20,20,20,20,20,20,20,GenderMale,None,None,None,Ballistician,0,BallisticianMapSprite,Ballistician1Portrait
ArcherEnemy2,-AutolevelScheme1,0,0,0,0,0,0,0,0,0,0,0,0,0,0,0,0,0,0,0,RankD,None,None,None,None,None,None,None,None,None,20,20,20,20,20,20,20,20,20,20,GenderMale,None,None,None,Archer,0,ArcherMapSprite,Archer1Portrait
MyrmidonEnemy2,-AutolevelScheme1,0,0,0,0,0,0,0,0,0,0,0,0,0,0,0,0,0,0,0,RankD,None,None,None,None,None,None,None,None,None,20,20,20,20,20,20,20,20,20,20,GenderMale,None,None,None,MyrmidonF,0,MyrmidonFMapSprite,Myrmidon5Portrait
MyrmidonEnemy3,-AutolevelScheme1,0,0,0,0,0,0,0,0,0,0,0,0,0,0,0,0,0,0,0,RankD,None,None,None,None,None,None,None,None,None,20,20,20,20,20,20,20,20,20,20,GenderMale,None,None,None,HeroF,0,HeroFMapSprite,Myrmidon10Portrait
Xavier,12,6,2,4,4,5,5,3,0,0,0,50,40,45,55,50,15,10,70,1,RankD,None,RankA,RankB,None,None,None,None,None,None,100,100,100,100,100,100,100,100,100,100,GenderMale,None,Skill2Assail | Skill2Pavise,Skill3Wrath,General,3,GeneralMapSprite,XavierPortrait
XavierArmor1,-AutolevelScheme4,6,2,4,4,5,5,3,0,10,0,40,10,3,10,10,5,5,20,0,RankA,None,None,RankB,None,None,None,None,None,None,100,100,100,100,100,100,100,100,100,100,GenderMale,None,Skill2Adept | Skill2Miracle,None,ArmoredLance,0,ArmoredLanceMapSprite,Leonsterite6Portrait
XavierArmor2,-AutolevelScheme4,6,2,4,4,5,5,3,0,10,0,40,10,3,10,10,5,5,20,0,RankA,None,None,RankB,None,None,None,None,None,None,100,100,100,100,100,100,100,100,100,100,GenderMale,None,Skill2Adept | Skill2Miracle,None,ArmoredLance,0,ArmoredLanceMapSprite,Leonsterite7Portrait
XavierArmor3,-AutolevelScheme4,6,2,4,4,5,5,3,0,10,0,40,10,3,10,10,5,5,20,0,RankA,None,None,RankB,None,None,None,None,None,None,100,100,100,100,100,100,100,100,100,100,GenderMale,None,Skill2Adept | Skill2Miracle,None,ArmoredLance,0,ArmoredLanceMapSprite,EichmannPortrait
XavierArmor4,-AutolevelScheme4,6,2,4,4,5,5,3,0,10,0,40,10,3,10,10,5,5,20,0,RankA,None,None,RankB,None,None,None,None,None,None,100,100,100,100,100,100,100,100,100,100,GenderMale,None,Skill2Adept | Skill2Miracle,None,ArmoredLance,0,ArmoredLanceMapSprite,DvorakPortrait
XavierArmor5,-AutolevelScheme4,6,2,4,4,5,5,3,0,10,0,40,10,3,10,10,5,5,20,0,RankA,None,None,RankB,None,None,None,None,None,None,100,100,100,100,100,100,100,100,100,100,GenderMale,None,Skill2Adept | Skill2Miracle,None,ArmoredAxe,0,ArmoredAxeMapSprite,Leonsterite3Portrait
XavierArmor6,-AutolevelScheme4,6,2,4,4,5,5,3,0,10,0,40,10,3,10,10,5,5,20,0,RankA,None,None,RankB,None,None,None,None,None,None,100,100,100,100,100,100,100,100,100,100,GenderMale,None,Skill2Adept | Skill2Miracle,None,ArmoredAxe,0,ArmoredAxeMapSprite,Leonsterite2Portrait
XavierArmor7,-AutolevelScheme4,6,2,4,4,5,5,3,0,10,0,40,10,3,10,10,5,5,20,0,RankA,None,None,RankB,None,None,None,None,None,None,100,100,100,100,100,100,100,100,100,100,GenderMale,None,Skill2Adept | Skill2Miracle,None,ArmoredAxe,0,ArmoredAxeMapSprite,Leonsterite4Portrait
XavierArmor8,-AutolevelScheme4,6,2,4,4,5,5,3,0,10,0,40,10,3,10,10,5,5,20,0,RankA,None,None,RankB,None,None,None,None,None,None,100,100,100,100,100,100,100,100,100,100,GenderMale,None,Skill2Adept | Skill2Miracle,None,ArmoredAxe,0,ArmoredAxeMapSprite,Leonsterite5Portrait
Civilian9,10,0,0,0,0,0,0,0,4,0,0,40,10,3,10,10,5,5,20,0,RankA,None,None,RankB,None,None,None,None,None,None,100,100,100,100,100,100,100,100,100,100,GenderFemale,None,None,None,Civilian,0,CivilianFMapSprite,NPCGirl2Portrait
Civilian10,10,0,0,0,0,0,0,0,4,0,0,40,10,3,10,10,5,5,20,0,RankA,None,None,RankB,None,None,None,None,None,None,100,100,100,100,100,100,100,100,100,100,GenderFemale,None,None,None,Civilian,0,CivilianFMapSprite,NPCWoman2Portrait
Civilian11,10,0,0,0,0,0,0,0,4,0,0,40,10,3,10,10,5,5,20,0,RankA,None,None,RankB,None,None,None,None,None,None,100,100,100,100,100,100,100,100,100,100,GenderMale,None,None,None,Civilian,0,ChildMapSprite,NPCBoy1Portrait
Civilian12,10,0,0,0,0,0,0,0,4,0,0,40,10,3,10,10,5,5,20,0,RankA,None,None,RankB,None,None,None,None,None,None,100,100,100,100,100,100,100,100,100,100,GenderMale,None,None,None,Civilian,0,CivilianFMapSprite,NPCGirl2Portrait
Civilian13,10,0,0,0,0,0,0,0,4,0,0,40,10,3,10,10,5,5,20,0,RankA,None,None,RankB,None,None,None,None,None,None,100,100,100,100,100,100,100,100,100,100,GenderMale,None,None,None,Civilian,0,CivilianFMapSprite,NPCWoman3Portrait
Civilian14,10,0,0,0,0,0,0,0,4,0,0,40,10,3,10,10,5,5,20,0,RankA,None,None,RankB,None,None,None,None,None,None,100,100,100,100,100,100,100,100,100,100,GenderMale,None,None,None,Civilian,0,CivilianMapSprite,NPCMan8Portrait
Civilian15,10,0,0,0,0,0,0,0,4,0,0,40,10,3,10,10,5,5,20,0,RankA,None,None,RankB,None,None,None,None,None,None,100,100,100,100,100,100,100,100,100,100,GenderFemale,None,None,None,Civilian,0,CivilianFMapSprite,NPCWoman1Portrait
Civilian16,10,0,0,0,0,0,0,0,4,0,0,40,10,3,10,10,5,5,20,0,RankA,None,None,RankB,None,None,None,None,None,None,100,100,100,100,100,100,100,100,100,100,GenderFemale,None,None,None,Civilian,0,ChildFMapSprite,NPCGirl1Portrait
FriegeSoldier2,-AutolevelScheme1,0,0,0,0,0,0,0,4,0,0,40,10,3,10,10,5,5,20,0,RankA,None,None,RankB,None,None,None,None,None,None,100,100,100,100,100,100,100,100,100,100,GenderMale,None,None,None,Soldier,0,SoldierMapSprite,Soldier1Portrait
LeonsterSoldier,-AutolevelScheme1,0,0,0,0,0,0,0,4,0,0,40,10,3,10,10,5,5,20,0,RankA,None,None,RankB,None,None,None,None,None,None,100,100,100,100,100,100,100,100,100,100,GenderMale,None,None,None,Soldier,0,SoldierMapSprite,Soldier1Portrait
FriegeBishop2,-AutolevelScheme1,0,0,0,0,0,0,0,4,0,0,40,10,3,10,10,5,5,20,0,RankA,None,None,RankB,None,None,None,None,None,None,100,100,100,100,100,100,100,100,100,100,GenderMale,None,None,None,Bishop,0,BishopMapSprite,Priest2Portrait
ResistanceMyrmidon1,-AutolevelScheme1,0,0,0,0,0,0,0,4,0,0,40,10,3,10,10,5,5,20,0,RankA,None,None,RankB,None,None,None,None,None,None,100,100,100,100,100,100,100,100,100,100,GenderMale,None,None,None,Myrmidon,0,MyrmidonMapSprite,Myrmidon1Portrait
Barath,30,12,10,12,5,7,10,10,0,0,0,40,10,3,10,10,5,5,20,0,RankA,RankA,RankA,RankA,RankA,RankA,RankA,RankE,None,None,100,100,100,100,100,100,100,100,100,100,GenderMale,None,Skill2Unknown,Skill3Immortal,Baron,4,BaronMapSprite,BarathPortrait
FriegeGeneral1,-AutolevelScheme1,12,10,12,10,7,10,10,0,0,0,40,10,3,10,10,5,5,20,0,RankA,RankA,RankA,RankA,RankA,RankA,RankA,RankE,None,None,100,100,100,100,100,100,100,100,100,100,GenderMale,None,None,None,General,0,GeneralMapSprite,General1Portrait
FriegeArmoredSword2,-AutolevelScheme1,12,10,12,10,7,10,10,0,0,0,40,10,3,10,10,5,5,20,0,RankA,RankA,RankA,RankA,RankA,RankA,RankA,RankE,None,None,100,100,100,100,100,100,100,100,100,100,GenderMale,None,None,None,ArmoredSword,0,ArmoredSwordMapSprite,Armor4Portrait
FriegePriest1,-AutolevelScheme2,12,10,12,10,7,10,10,0,0,0,40,10,3,10,10,5,5,20,0,RankA,RankA,RankA,RankA,RankA,RankA,RankA,RankE,None,None,100,100,100,100,100,100,100,100,100,100,GenderMale,None,None,None,Priest,0,PriestMapSprite,Priest1Portrait
FriegePoisonBallista,-AutolevelScheme9,12,10,12,10,7,10,10,0,0,0,40,10,3,10,10,5,5,20,0,RankA,RankA,RankA,RankA,RankA,RankA,RankA,RankE,None,None,100,100,100,100,100,100,100,100,100,100,GenderMale,None,None,None,BallisticianPoison,0,BallisiticianPoisonMapSprite,Ballistician4Portrait
ThracianWyvernKnight2,24,5,2,3,2,3,3,10,0,0,0,40,10,3,10,10,5,5,20,0,RankA,RankA,RankA,RankA,RankA,RankA,RankA,RankE,None,None,100,100,100,100,100,100,100,100,100,100,GenderMale,None,Skill2Miracle,None,WyvernKnight,0,WyvernKnightMapSprite,WyvernKnight2Portrait
FriegeMageKnight,-AutolevelScheme1,12,3,9,8,12,11,10,0,0,0,40,10,3,10,10,5,5,20,0,RankA,RankA,RankA,RankA,RankA,RankA,RankA,RankE,None,None,100,100,100,100,100,100,100,100,100,100,GenderMale,None,None,None,MageKnight,0,MageKnightMapSprite,MagicKnight4Portrait
FriegeArmoredAxe4,-AutolevelScheme1,12,3,9,8,12,11,10,0,0,0,40,10,3,10,10,5,5,20,0,RankA,RankA,RankA,RankA,RankA,RankA,RankA,RankE,None,None,100,100,100,100,100,100,100,100,100,100,GenderMale,None,None,None,AxeKnight,0,AxeKnightMapSprite,AxeKnight1Portrait
FriegeArchKnight1,-AutolevelScheme1,12,3,9,8,12,11,10,0,0,0,40,10,3,10,10,5,5,20,0,RankA,RankA,RankA,RankA,RankA,RankA,RankA,RankE,None,None,100,100,100,100,100,100,100,100,100,100,GenderMale,None,None,None,ArchKnight,0,ArchKnightMapSprite,BowKnight2Portrait
FriegePaladin1,-AutolevelScheme1,12,3,9,8,12,11,10,0,0,0,40,10,3,10,10,5,5,20,0,RankA,RankA,RankA,RankA,RankA,RankA,RankA,RankE,None,None,100,100,100,100,100,100,100,100,100,100,GenderMale,None,None,None,Paladin,0,PaladinMapSprite,Knight6Portrait
FriegeLanceKnight2,-AutolevelScheme1,12,3,9,8,12,11,10,0,0,0,40,10,3,10,10,5,5,20,0,RankA,RankA,RankA,RankA,RankA,RankA,RankA,RankE,None,None,100,100,100,100,100,100,100,100,100,100,GenderMale,None,None,None,LanceKnight,0,LanceKnightMapSprite,Knight2Portrait
FriegeSniper,-AutolevelScheme1,12,3,9,8,12,11,10,0,0,0,40,10,3,10,10,5,5,20,0,RankA,RankA,RankA,RankA,RankA,RankA,RankA,RankE,None,None,100,100,100,100,100,100,100,100,100,100,GenderMale,None,None,None,Sniper,0,SniperMapSprite,Archer2Portrait
FriegeMyrmidon,-AutolevelScheme6,12,3,9,8,12,11,10,0,0,0,40,10,3,10,10,5,5,20,0,RankA,RankA,RankA,RankA,RankA,RankA,RankA,RankE,None,None,100,100,100,100,100,100,100,100,100,100,GenderMale,None,None,None,Hero,0,HeroMapSprite,Myrmidon9Portrait
FriegeBishop3,-AutolevelScheme2,12,3,9,8,12,11,10,0,0,0,40,10,3,10,10,5,5,20,0,RankA,RankA,RankA,RankA,RankA,RankA,RankA,RankE,None,None,100,100,100,100,100,100,100,100,100,100,GenderMale,None,None,None,Bishop,0,BishopMapSprite,Priest2Portrait
FriegeTroubadour3,20,5,3,8,11,5,3,16,2,0,0,0,0,0,0,0,0,0,0,0,RankC,None,None,None,None,None,None,None,None,None,20,20,20,20,20,20,20,20,20,20,GenderFemale,None,Skill2Miracle,None,Troubadour,0,TroubadourMapSprite,MagicKnight2Portrait
FriegeMageKnight2,6,0,5,4,8,3,1,13,2,0,0,40,10,3,10,10,5,5,20,0,RankA,RankA,RankA,RankA,RankA,RankA,RankA,RankE,None,None,100,100,100,100,100,100,100,100,100,100,GenderFemale,None,None,None,MageKnightF,0,MageKnightFMapSprite,MagicKnight4Portrait
AlsterCavalier1,18,7,4,5,5,6,4,8,2,0,0,0,0,0,0,0,0,0,0,0,RankC,None,None,None,None,None,None,None,None,None,20,20,20,20,20,20,20,20,20,20,GenderMale,None,None,None,Cavalier,0,CavalierMapSprite,Knight1Portrait
AlsterBowKnight,16,6,4,4,6,5,3,12,2,0,0,0,0,0,0,0,0,0,0,0,RankC,None,None,RankC,None,None,None,None,None,None,20,20,20,20,20,20,20,20,20,20,GenderMale,None,None,None,BowKnight,0,BowKnightMapSprite,BowKnight1Portrait
AlsterArchKnight,20,9,5,6,8,4,5,10,2,0,0,0,0,0,0,0,0,0,0,0,RankD,RankB,None,RankC,None,None,None,None,None,None,20,20,20,20,20,20,20,20,20,20,GenderMale,None,None,None,ArchKnight,0,ArchKnightMapSprite,BowKnight2Portrait
AlsterMageKnight,-AutolevelScheme1,8,6,8,10,6,0,14,0,0,0,0,0,0,0,0,0,0,0,0,RankD,RankB,None,None,None,None,None,None,None,None,20,20,20,20,20,20,20,20,20,20,GenderFemale,None,None,None,MageKnight,0,MageKnightMapSprite,MagicKnight4Portrait
FriegePriest2,-AutolevelScheme2,12,10,12,10,7,10,10,0,0,0,40,10,3,10,10,5,5,20,0,RankA,RankA,RankA,RankA,RankA,RankA,RankA,RankE,None,None,100,100,100,100,100,100,100,100,100,100,GenderMale,None,None,None,Priest,0,PriestMapSprite,Priest1Portrait
FriegeArchKnight2,-AutolevelScheme4,12,10,12,10,7,10,10,0,0,0,40,10,3,10,10,5,5,20,0,RankA,RankA,RankA,RankA,RankA,RankA,RankA,RankE,None,None,100,100,100,100,100,100,100,100,100,100,GenderMale,None,None,None,ArchKnight,0,ArchKnightMapSprite,BowKnight2Portrait
FriegePaladin2,-AutolevelScheme4,12,10,12,10,7,10,10,0,0,0,40,10,3,10,10,5,5,20,0,RankA,RankA,RankA,RankA,RankA,RankA,RankA,RankE,None,None,100,100,100,100,100,100,100,100,100,100,GenderMale,None,None,None,Paladin,0,PaladinMapSprite,Knight6Portrait
FriegeArmoredSword3,-AutolevelScheme4,12,10,12,10,7,10,10,0,0,0,40,10,3,10,10,5,5,20,0,RankA,RankA,RankA,RankA,RankA,RankA,RankA,RankE,None,None,100,100,100,100,100,100,100,100,100,100,GenderMale,None,None,None,ArmoredSword,0,ArmoredSwordMapSprite,Armor4Portrait
FriegeBowKnight2,-AutolevelScheme1,12,10,12,10,7,10,10,0,0,0,40,10,3,10,10,5,5,20,0,RankA,RankA,RankA,RankA,RankA,RankA,RankA,RankE,None,None,100,100,100,100,100,100,100,100,100,100,GenderMale,None,None,None,BowKnight,0,BowKnightMapSprite,BowKnight1Portrait
Gelbenritter,-AutolevelScheme1,12,10,12,10,7,10,10,0,0,0,40,10,3,10,10,5,5,20,0,RankA,RankA,RankA,RankA,RankA,RankA,RankA,RankE,None,None,100,100,100,100,100,100,100,100,100,100,GenderMale,None,None,None,MageKnight,0,MageKnightMapSprite,MagicKnight4Portrait
FriegeGeneral2,-AutolevelScheme4,12,10,12,10,7,10,10,0,0,0,40,10,3,10,10,5,5,20,0,RankA,RankA,RankA,RankA,RankA,RankA,RankA,RankE,None,None,100,100,100,100,100,100,100,100,100,100,GenderMale,None,None,None,General,0,GeneralMapSprite,General1Portrait
MansterDukeKnight,-AutolevelScheme4,12,10,12,10,7,10,10,0,0,0,40,10,3,10,10,5,5,20,0,RankA,RankA,RankA,RankA,RankA,RankA,RankA,RankE,None,None,100,100,100,100,100,100,100,100,100,100,GenderMale,None,None,None,DukeKnight,0,DukeKnightMapSprite,Knight4Portrait
MansterArchKnight,-AutolevelScheme4,12,10,12,10,7,10,10,0,0,0,40,10,3,10,10,5,5,20,0,RankA,RankA,RankA,RankA,RankA,RankA,RankA,RankE,None,None,100,100,100,100,100,100,100,100,100,100,GenderMale,None,None,None,ArchKnight,0,ArchKnightMapSprite,BowKnight2Portrait
MansterGreatKnight,-AutolevelScheme4,12,10,12,10,7,10,10,0,0,0,40,10,3,10,10,5,5,20,0,RankA,RankA,RankA,RankA,RankA,RankA,RankA,RankE,None,None,100,100,100,100,100,100,100,100,100,100,GenderMale,None,None,None,GreatKnight,0,GreatKnightMapSprite,AxeKnight2Portrait
ThracianWyvernKnight3,21,6,3,6,5,5,5,12,0,0,0,40,10,3,10,10,5,5,20,0,RankA,RankA,RankA,RankA,RankA,RankA,RankA,RankE,None,None,100,100,100,100,100,100,100,100,100,100,GenderMale,None,None,None,WyvernKnight,0,WyvernKnightMapSprite,WyvernKnight2Portrait
Civilian17,10,0,0,0,0,0,0,0,0,0,0,40,10,3,10,10,5,5,20,0,RankA,RankA,RankA,RankA,RankA,RankA,RankA,RankE,None,None,100,100,100,100,100,100,100,100,100,100,GenderMale,Skill1Unknown,None,None,Civilian,0,ChildFMapSprite,NPCGirl1Portrait
Civilian18,10,0,0,0,0,0,0,0,0,0,0,40,10,3,10,10,5,5,20,0,RankA,RankA,RankA,RankA,RankA,RankA,RankA,RankE,None,None,100,100,100,100,100,100,100,100,100,100,GenderFemale,Skill1Unknown,None,None,Civilian,0,ChildFMapSprite,NPCGirl7Portrait
Civilian19,10,0,0,0,0,0,0,0,0,0,0,40,10,3,10,10,5,5,20,0,RankA,RankA,RankA,RankA,RankA,RankA,RankA,RankE,None,None,100,100,100,100,100,100,100,100,100,100,GenderFemale,Skill1Unknown,None,None,Civilian,0,ChildMapSprite,NPCBoy1Portrait
Civilian20,10,0,0,0,0,0,0,0,0,0,0,40,10,3,10,10,5,5,20,0,RankA,RankA,RankA,RankA,RankA,RankA,RankA,RankE,None,None,100,100,100,100,100,100,100,100,100,100,GenderFemale,Skill1Unknown,None,None,Civilian,0,ChildFMapSprite,NPCGirl1Portrait
Civilian21,10,0,0,0,0,0,0,0,0,0,0,40,10,3,10,10,5,5,20,0,RankA,RankA,RankA,RankA,RankA,RankA,RankA,RankE,None,None,100,100,100,100,100,100,100,100,100,100,GenderFemale,Skill1Unknown,None,None,Civilian,0,ChildFMapSprite,NPCGirl7Portrait
Civilian22,10,0,0,0,0,0,0,0,0,0,0,40,10,3,10,10,5,5,20,0,RankA,RankA,RankA,RankA,RankA,RankA,RankA,RankE,None,None,100,100,100,100,100,100,100,100,100,100,GenderFemale,Skill1Unknown,None,None,Civilian,0,ChildFMapSprite,NPCGirl1Portrait
Civilian23,10,0,0,0,0,0,0,0,0,0,0,40,10,3,10,10,5,5,20,0,RankA,RankA,RankA,RankA,RankA,RankA,RankA,RankE,None,None,100,100,100,100,100,100,100,100,100,100,GenderMale,Skill1Unknown,None,None,Civilian,0,ChildMapSprite,NPCBoy1Portrait
Civilian24,10,0,0,0,0,0,0,0,0,0,0,40,10,3,10,10,5,5,20,0,RankA,RankA,RankA,RankA,RankA,RankA,RankA,RankE,None,None,100,100,100,100,100,100,100,100,100,100,GenderMale,Skill1Unknown,None,None,Civilian,0,ChildMapSprite,NPCBoy1Portrait
Civilian25,10,0,0,0,0,0,0,0,0,0,0,40,10,3,10,10,5,5,20,0,RankA,RankA,RankA,RankA,RankA,RankA,RankA,RankE,None,None,100,100,100,100,100,100,100,100,100,100,GenderMale,Skill1Unknown,None,None,Civilian,0,ChildFMapSprite,NPCGirl7Portrait
Civilian26,10,0,0,0,0,0,0,0,0,0,0,40,10,3,10,10,5,5,20,0,RankA,RankA,RankA,RankA,RankA,RankA,RankA,RankE,None,None,100,100,100,100,100,100,100,100,100,100,GenderMale,Skill1Unknown,None,None,Civilian,0,ChildMapSprite,NPCBoy1Portrait
Civilian27,10,0,0,0,0,0,0,0,0,0,0,40,10,3,10,10,5,5,20,0,RankA,RankA,RankA,RankA,RankA,RankA,RankA,RankE,None,None,100,100,100,100,100,100,100,100,100,100,GenderMale,Skill1Unknown,None,None,Civilian,0,ChildMapSprite,NPCBoy1Portrait
Civilian28,10,0,0,0,0,0,0,0,0,0,0,40,10,3,10,10,5,5,20,0,RankA,RankA,RankA,RankA,RankA,RankA,RankA,RankE,None,None,100,100,100,100,100,100,100,100,100,100,GenderMale,Skill1Unknown,None,None,Civilian,0,ChildFMapSprite,NPCGirl1Portrait
Civilian29,10,0,0,0,0,0,0,0,0,0,0,40,10,3,10,10,5,5,20,0,RankA,RankA,RankA,RankA,RankA,RankA,RankA,RankE,None,None,100,100,100,100,100,100,100,100,100,100,GenderMale,Skill1Unknown,None,None,Civilian,0,ChildFMapSprite,NPCGirl7Portrait
Civilian30,10,0,0,0,0,0,0,0,0,0,0,40,10,3,10,10,5,5,20,0,RankA,RankA,RankA,RankA,RankA,RankA,RankA,RankE,None,None,100,100,100,100,100,100,100,100,100,100,GenderFemale,Skill1Unknown,None,None,Civilian,0,ChildFMapSprite,NPCGirl1Portrait
Hero1,-AutolevelScheme6,0,0,0,0,0,0,0,0,15,0,40,10,3,10,10,5,5,20,0,RankA,RankA,RankA,RankA,RankA,RankA,RankA,RankE,None,None,100,100,100,100,100,100,100,100,100,100,GenderFemale,None,None,None,Hero,0,HeroMapSprite,Myrmidon9Portrait
Hero2,-AutolevelScheme6,0,0,0,0,0,0,0,0,20,0,40,10,3,10,10,5,5,20,0,RankA,RankA,RankA,RankA,RankA,RankA,RankA,RankE,None,None,100,100,100,100,100,100,100,100,100,100,GenderMale,None,None,None,Hero,0,HeroMapSprite,Myrmidon9Portrait
Hero3,-AutolevelScheme6,0,0,0,0,0,0,0,0,0,0,40,10,3,10,10,5,5,20,0,RankA,RankA,RankA,RankA,RankA,RankA,RankA,RankE,None,None,100,100,100,100,100,100,100,100,100,100,GenderMale,None,None,None,Hero,0,HeroMapSprite,Myrmidon9Portrait
SniperEnemy,-AutolevelScheme6,0,0,0,0,0,0,0,0,0,0,40,10,3,10,10,5,5,20,0,RankA,RankA,RankA,RankA,RankA,RankA,RankA,RankE,None,None,100,100,100,100,100,100,100,100,100,100,GenderMale,None,None,None,Sniper,0,SniperMapSprite,Archer2Portrait
Mus,30,6,5,6,6,1,20,6,0,5,0,40,10,3,10,10,5,5,20,0,RankA,RankA,RankA,RankA,RankA,RankA,RankA,RankE,None,None,100,100,100,100,100,100,100,100,100,100,GenderMale,None,None,Skill3Wrath,Baron,4,BaronMapSprite,RaydrikMusPortrait
Tigris,18,9,3,9,5,7,8,5,4,20,4,40,10,3,10,10,5,5,20,0,RankA,RankA,RankA,RankA,RankA,RankA,RankA,RankE,None,None,100,100,100,100,100,100,100,100,100,100,GenderMale,None,None,None,Warrior,0,WarriorMapSprite,DagdarTigrisPortrait
TigrisDagdar,18,9,3,9,5,7,8,5,4,20,4,40,10,3,10,10,5,5,20,0,RankA,RankA,RankA,RankA,RankA,RankA,RankA,RankE,None,None,100,100,100,100,100,100,100,100,100,100,GenderMale,None,None,None,Warrior,0,WarriorMapSprite,Fighter1Portrait
CanisSarah,20,3,16,13,7,3,3,13,0,0,0,40,10,3,10,10,5,5,20,0,RankA,RankA,RankA,RankA,RankA,RankA,RankA,RankE,RankA,None,100,100,100,100,100,100,100,100,100,100,GenderFemale,None,Skill2Miracle,Skill3Wrath | Skill3Paragon,SageF,0,SageFMapSprite,SarahCanisPortrait
Canis,20,3,16,13,7,3,3,13,0,0,0,40,10,3,10,10,5,5,20,0,RankA,RankA,RankA,RankA,RankA,RankA,RankA,RankE,RankA,None,100,100,100,100,100,100,100,100,100,100,GenderFemale,None,Skill2Miracle,Skill3Wrath | Skill3Paragon,SageF,0,SageFMapSprite,MagicSword2Portrait
BovisGalzus,30,14,8,13,13,9,10,17,1,25,3,40,10,3,10,10,5,5,20,0,RankA,RankA,RankA,RankA,RankA,RankA,RankA,RankE,None,None,100,100,100,100,100,100,100,100,100,100,GenderMale,None,None,Skill3Astra | Skill3Luna,Hero,0,HeroMapSprite,GalzusBovisPortrait
Bovis,30,14,8,13,13,9,10,17,1,25,3,40,10,3,10,10,5,5,20,0,RankA,RankA,RankA,RankA,RankA,RankA,RankA,RankE,None,None,100,100,100,100,100,100,100,100,100,100,GenderMale,None,None,Skill3Astra | Skill3Luna,Hero,0,HeroMapSprite,Myrmidon9Portrait
PorcusLithis,22,10,8,11,12,10,10,9,0,10,0,40,10,3,10,10,5,5,20,0,RankA,RankA,RankA,RankA,RankA,RankA,RankA,RankE,None,None,100,100,100,100,100,100,100,100,100,100,GenderMale,None,Skill2Adept,Skill3Wrath,Rogue,0,RogueMapSprite,LithisPorcusPortrait
Porcus,22,10,8,11,12,10,10,9,0,10,0,40,10,3,10,10,5,5,20,0,RankA,RankA,RankA,RankA,RankA,RankA,RankA,RankE,None,None,100,100,100,100,100,100,100,100,100,100,GenderMale,None,Skill2Adept,Skill3Wrath,Rogue,0,RogueMapSprite,Myrmidon4Portrait
DracoEyvel,11,8,6,13,13,6,6,13,1,10,1,40,10,3,10,10,5,5,20,0,RankA,RankA,RankA,RankA,RankA,RankA,RankA,RankE,None,None,100,100,100,100,100,100,100,100,100,100,GenderMale,None,Skill2Adept | Skill2Miracle,Skill3Wrath,SniperF,0,SniperFMapSprite,EyvelDracoPortrait
Draco,11,8,6,13,13,6,6,13,1,10,1,40,10,3,10,10,5,5,20,0,RankA,RankA,RankA,RankA,RankA,RankA,RankA,RankE,None,None,100,100,100,100,100,100,100,100,100,100,GenderFemale,None,Skill2Adept | Skill2Miracle,Skill3Wrath,SniperF,0,SniperFMapSprite,Archer5Portrait
LoptyrianDarkMage,-AutolevelScheme2,0,0,0,0,0,0,0,0,0,0,40,10,3,10,10,5,5,20,0,RankA,RankA,RankA,RankA,RankA,RankA,RankA,RankE,None,None,100,100,100,100,100,100,100,100,100,100,GenderMale,None,None,None,DarkMage,0,DarkMageMapSprite,Mage7Portrait
LoptyrianArmoredAxe,-AutolevelScheme4,0,0,0,0,0,0,0,0,0,0,40,10,3,10,10,5,5,20,0,RankA,RankA,RankA,RankA,RankA,RankA,RankA,RankE,None,None,100,100,100,100,100,100,100,100,100,100,GenderMale,None,None,None,ArmoredAxe,0,ArmoredAxeMapSprite,Armor2Portrait
LoptyrianArmoredBow,-AutolevelScheme4,0,0,0,0,0,0,0,0,0,0,40,10,3,10,10,5,5,20,0,RankA,RankA,RankA,RankA,RankA,RankA,RankA,RankE,None,None,100,100,100,100,100,100,100,100,100,100,GenderMale,None,None,None,ArmoredBow,0,ArmoredBowMapSprite,Armor3Portrait
LoptyrianArmoredLance,-AutolevelScheme4,0,0,0,0,0,0,0,0,0,0,40,10,3,10,10,5,5,20,0,RankA,RankA,RankA,RankA,RankA,RankA,RankA,RankE,None,None,100,100,100,100,100,100,100,100,100,100,GenderMale,None,None,None,ArmoredLance,0,ArmoredLanceMapSprite,Armor1Portrait
MansterPoisonBallista,-AutolevelScheme9,0,0,0,0,0,0,0,0,0,0,40,10,3,10,10,5,5,20,0,RankA,RankA,RankA,RankA,RankA,RankA,RankA,RankE,None,None,100,100,100,100,100,100,100,100,100,100,GenderMale,None,None,None,BallisticianPoison,0,BallisiticianPoisonMapSprite,Ballistician4Portrait
RaydrikChp24,30,6,5,6,6,1,20,6,0,5,0,40,10,3,10,10,5,5,20,0,RankA,RankA,RankA,RankA,RankA,RankA,RankA,RankE,None,None,100,100,100,100,100,100,100,100,100,100,GenderMale,None,None,None,Baron,4,BaronMapSprite,RaydrikPortrait
MansterArmoredSword,-AutolevelScheme1,14,9,14,13,10,20,16,0,0,0,40,10,3,10,10,5,5,20,0,RankA,RankA,RankA,RankA,RankA,RankA,RankA,RankE,None,None,100,100,100,100,100,100,100,100,100,100,GenderMale,None,None,None,ArmoredSword,0,ArmoredSwordMapSprite,Armor4Portrait
MansterSoldier2,-AutolevelScheme1,14,9,14,13,10,20,16,0,0,0,40,10,3,10,10,5,5,20,0,RankA,RankA,RankA,RankA,RankA,RankA,RankA,RankE,None,None,100,100,100,100,100,100,100,100,100,100,GenderMale,None,None,None,Soldier,0,SoldierMapSprite,Soldier1Portrait
FriegeBallista5,-AutolevelScheme9,14,9,14,13,10,20,16,0,0,0,40,10,3,10,10,5,5,20,0,RankA,RankA,RankA,RankA,RankA,RankA,RankA,RankE,None,None,100,100,100,100,100,100,100,100,100,100,GenderMale,None,None,None,BallisticianIron,0,BallisticianIronMapSprite,Ballistician2Portrait
ThracianArcher,-AutolevelScheme1,14,9,14,13,10,20,16,0,0,0,40,10,3,10,10,5,5,20,0,RankA,RankA,RankA,RankA,RankA,RankA,RankA,RankE,None,None,100,100,100,100,100,100,100,100,100,100,GenderMale,None,None,None,ArcherEnemy,0,ArcherEnemyMapSprite,Archer6Portrait
ThracianBishop,-AutolevelScheme2,14,9,14,13,10,20,16,0,0,0,40,10,3,10,10,5,5,20,0,RankA,RankA,RankA,RankA,RankA,RankA,RankA,RankE,None,None,100,100,100,100,100,100,100,100,100,100,GenderMale,None,None,None,Bishop,3,BishopMapSprite,Priest2Portrait
ThracianWyvernRider,-AutolevelScheme1,14,9,14,13,10,20,16,0,0,0,40,10,3,10,10,5,5,20,0,RankA,RankA,RankA,RankA,RankA,RankA,RankA,RankE,None,None,100,100,100,100,100,100,100,100,100,100,GenderMale,None,None,None,WyvernRider,0,WyvernRiderMapSprite,WyvernKnight1Portrait
ThracianSoldier,-AutolevelScheme1,14,9,14,13,10,20,16,0,0,0,40,10,3,10,10,5,5,20,0,RankA,RankA,RankA,RankA,RankA,RankA,RankA,RankE,None,None,100,100,100,100,100,100,100,100,100,100,GenderMale,None,None,None,Soldier,0,SoldierMapSprite,Soldier1Portrait
AlsterCavalier2,-AutolevelScheme1,0,0,0,0,0,2,0,2,0,0,0,0,0,0,0,0,0,0,0,RankC,None,None,None,None,None,None,None,None,None,20,20,20,20,20,20,20,20,20,20,GenderMale,None,None,None,Cavalier,0,CavalierMapSprite,BowKnight1Portrait
PirateEnemy,-AutolevelScheme3,0,0,0,0,0,2,0,2,0,0,0,0,0,0,0,0,0,0,0,RankC,None,None,None,None,None,None,None,None,None,20,20,20,20,20,20,20,20,20,20,GenderMale,None,None,None,Pirate,0,PirateMapSprite,Brigand4Portrait
ResistanceArcher1,-AutolevelScheme3,0,0,0,0,0,2,0,2,0,0,0,0,0,0,0,0,0,0,0,RankC,None,None,None,None,None,None,None,None,None,20,20,20,20,20,20,20,20,20,20,GenderFemale,None,None,None,ArcherF,0,ArcherFMapSprite,Archer4Portrait
ResistancePriest,-AutolevelScheme2,0,0,0,0,0,2,0,2,0,0,0,0,0,0,0,0,0,0,0,RankC,None,None,None,None,None,None,None,None,None,20,20,20,20,20,20,20,20,20,20,GenderMale,None,None,None,Priest,0,PriestMapSprite,Priest1Portrait
ResistanceFighter,-AutolevelScheme3,0,0,0,0,0,2,0,2,0,0,0,0,0,0,0,0,0,0,0,RankC,None,None,None,None,None,None,None,None,None,20,20,20,20,20,20,20,20,20,20,GenderMale,None,None,None,Fighter,0,FighterMapSprite,Fighter2Portrait
ResistanceArcher2,-AutolevelScheme3,0,0,0,0,0,2,0,2,0,0,0,0,0,0,0,0,0,0,0,RankC,None,None,None,None,None,None,None,None,None,20,20,20,20,20,20,20,20,20,20,GenderMale,None,None,None,Archer,0,ArcherMapSprite,Archer1Portrait
ResistanceMyrmidon2,-AutolevelScheme3,0,0,0,0,0,2,0,2,0,0,0,0,0,0,0,0,0,0,0,RankC,None,None,None,None,None,None,None,None,None,20,20,20,20,20,20,20,20,20,20,GenderFemale,None,None,None,MyrmidonF,0,MyrmidonFMapSprite,Myrmidon5Portrait
AlsterCavalier3,-AutolevelScheme2,0,0,0,0,0,2,0,2,0,0,0,0,0,0,0,0,0,0,0,RankC,None,None,None,None,None,None,None,None,None,20,20,20,20,20,20,20,20,20,20,GenderFemale,None,None,None,ThunderMageF,0,ThunderMageFMapSprite,Mage9Portrait
MansterGeneral,-AutolevelScheme4,0,0,0,0,0,2,0,2,0,0,0,0,0,0,0,0,0,0,0,RankC,None,None,None,None,None,None,None,None,None,20,20,20,20,20,20,20,20,20,20,GenderMale,None,Skill2Charm,None,General,0,GeneralMapSprite,General1Portrait
LoptyrianDarkMage2,-AutolevelScheme5,0,0,0,0,0,2,0,2,0,0,0,0,0,0,0,0,0,0,0,RankC,None,None,None,None,None,None,None,None,None,20,20,20,20,20,20,20,20,20,20,GenderMale,None,None,None,DarkMage,0,DarkMageMapSprite,Mage7Portrait
ThracianArmoredSword,-AutolevelScheme4,0,0,0,0,0,2,0,2,0,0,0,0,0,0,0,0,0,0,0,RankC,None,None,None,None,None,None,None,None,None,20,20,20,20,20,20,20,20,20,20,GenderMale,None,None,None,ArmoredSword,0,ArmoredSwordMapSprite,Armor4Portrait
Wolfe,30,12,10,12,5,7,10,10,0,0,0,40,10,3,10,10,5,5,20,0,RankA,RankA,RankA,RankA,RankA,RankA,RankA,RankE,None,None,100,100,100,100,100,100,100,100,100,100,GenderMale,None,None,None,Baron,4,BaronMapSprite,BossUnknown5Portrait
